ARG,DrugClass
AAC_3Ib_AAC_6Ib,aminoglycoside antibiotic
AAC_6_IB_Su,aminoglycoside antibiotic
AAC(2')-Ia,aminoglycoside antibiotic
AAC(2')-Ib,aminoglycoside antibiotic
AAC(2')-Ic,aminoglycoside antibiotic
AAC(2')-Id,aminoglycoside antibiotic
AAC(2')-Ie,aminoglycoside antibiotic
AAC(2')-IIa,aminoglycoside antibiotic
AAC(2')-IIb,aminoglycoside antibiotic
AAC(3)-Ia,aminoglycoside antibiotic
AAC(3)-Ib,aminoglycoside antibiotic
AAC(3)-Ic,aminoglycoside antibiotic
AAC(3)-Id,aminoglycoside antibiotic
AAC(3)-IIa,aminoglycoside antibiotic
AAC(3)-IIb,aminoglycoside antibiotic
AAC(3)-IIc,aminoglycoside antibiotic
AAC(3)-IId,aminoglycoside antibiotic
AAC(3)-IIe,aminoglycoside antibiotic
AAC(3)-IIg,aminoglycoside antibiotic
AAC(3)-IIIa,aminoglycoside antibiotic
AAC(3)-IIIb,aminoglycoside antibiotic
AAC(3)-IIIc,aminoglycoside antibiotic
AAC(3)-IVa,aminoglycoside antibiotic
AAC(3)-IVb,aminoglycoside antibiotic
AAC(3)-IXa,aminoglycoside antibiotic
AAC(3)-VIa,aminoglycoside antibiotic
AAC(3)-VIIa,aminoglycoside antibiotic
AAC(3)-VIIIa,aminoglycoside antibiotic
AAC(3)-Xa,aminoglycoside antibiotic
AAC(6')-29a,aminoglycoside antibiotic
AAC(6')-29b,aminoglycoside antibiotic
AAC(6')-31,aminoglycoside antibiotic
AAC(6')-32,aminoglycoside antibiotic
AAC(6')-34,aminoglycoside antibiotic
AAC(6')-I-43,aminoglycoside antibiotic
AAC(6')-I-48,aminoglycoside antibiotic
AAC(6')-I30,aminoglycoside antibiotic
AAC(6')-I33,aminoglycoside antibiotic
AAC(6')-Ia,aminoglycoside antibiotic
AAC(6')-Iaa,aminoglycoside antibiotic
AAC(6')-Iad,aminoglycoside antibiotic
AAC(6')-Iae,aminoglycoside antibiotic
AAC(6')-Iaf,aminoglycoside antibiotic
AAC(6')-Iai,aminoglycoside antibiotic
AAC(6')-Iaj,aminoglycoside antibiotic
AAC(6')-Iak,aminoglycoside antibiotic
AAC(6')-Ian,aminoglycoside antibiotic
AAC(6')-Iap,aminoglycoside antibiotic
AAC(6')-Ib,aminoglycoside antibiotic
AAC(6')-Ib-cr1,aminoglycoside antibiotic;fluoroquinolone antibiotic
AAC(6')-Ib-cr3,aminoglycoside antibiotic;fluoroquinolone antibiotic
AAC(6')-Ib-cr4,aminoglycoside antibiotic;fluoroquinolone antibiotic
AAC(6')-Ib-cr5,aminoglycoside antibiotic;fluoroquinolone antibiotic
AAC(6')-Ib-cr6,aminoglycoside antibiotic;fluoroquinolone antibiotic
AAC(6')-Ib-cr7,aminoglycoside antibiotic;fluoroquinolone antibiotic
AAC(6')-Ib-cr8,aminoglycoside antibiotic;fluoroquinolone antibiotic
AAC(6')-Ib-cr9,aminoglycoside antibiotic;fluoroquinolone antibiotic
AAC(6')-Ib-SK,aminoglycoside antibiotic
AAC(6')-Ib',aminoglycoside antibiotic
AAC(6')-Ib10,aminoglycoside antibiotic
AAC(6')-Ib11,aminoglycoside antibiotic
AAC(6')-Ib3,aminoglycoside antibiotic
AAC(6')-Ib4,aminoglycoside antibiotic
AAC(6')-Ib7,aminoglycoside antibiotic
AAC(6')-Ib8,aminoglycoside antibiotic
AAC(6')-Ib9,aminoglycoside antibiotic
AAC(6')-Ic,aminoglycoside antibiotic
AAC(6')-If,aminoglycoside antibiotic
AAC(6')-Ig,aminoglycoside antibiotic
AAC(6')-Ih,aminoglycoside antibiotic
AAC(6')-Ii,aminoglycoside antibiotic
AAC(6')-IIa,aminoglycoside antibiotic
AAC(6')-IIb,aminoglycoside antibiotic
AAC(6')-IIc,aminoglycoside antibiotic
AAC(6')-Iid,aminoglycoside antibiotic
AAC(6')-Iih,aminoglycoside antibiotic
AAC(6')-Ij,aminoglycoside antibiotic
AAC(6')-Ik,aminoglycoside antibiotic
AAC(6')-Il,aminoglycoside antibiotic
AAC(6')-Im,aminoglycoside antibiotic
AAC(6')-Ip,aminoglycoside antibiotic
AAC(6')-Iq,aminoglycoside antibiotic
AAC(6')-Ir,aminoglycoside antibiotic
AAC(6')-Is,aminoglycoside antibiotic
AAC(6')-Isa,aminoglycoside antibiotic
AAC(6')-It,aminoglycoside antibiotic
AAC(6')-Iu,aminoglycoside antibiotic
AAC(6')-Iv,aminoglycoside antibiotic
AAC(6')-Iw,aminoglycoside antibiotic
AAC(6')-Ix,aminoglycoside antibiotic
AAC(6')-Iy,aminoglycoside antibiotic
AAC(6')-Iz,aminoglycoside antibiotic
AAC6_30_AAC6_Ib,aminoglycoside antibiotic
AAC6_IB_HZ,aminoglycoside antibiotic
AAC6_Ie_APH2_Ia,aminoglycoside antibiotic
aad(6),aminoglycoside antibiotic
aadA,aminoglycoside antibiotic
aadA10,aminoglycoside antibiotic
aadA11,aminoglycoside antibiotic
aadA12,aminoglycoside antibiotic
aadA13,aminoglycoside antibiotic
aadA14,aminoglycoside antibiotic
aadA15,aminoglycoside antibiotic
aadA16,aminoglycoside antibiotic
aadA17,aminoglycoside antibiotic
aadA2,aminoglycoside antibiotic
aadA21,aminoglycoside antibiotic
aadA22,aminoglycoside antibiotic
aadA23,aminoglycoside antibiotic
aadA24,aminoglycoside antibiotic
aadA25,aminoglycoside antibiotic
aadA27,aminoglycoside antibiotic
aadA3,aminoglycoside antibiotic
aadA4,aminoglycoside antibiotic
aadA5,aminoglycoside antibiotic
aadA6,aminoglycoside antibiotic
aadA6/aadA10,aminoglycoside antibiotic
aadA7,aminoglycoside antibiotic
aadA8,aminoglycoside antibiotic
aadA8b,aminoglycoside antibiotic
aadA9,aminoglycoside antibiotic
aadK,aminoglycoside antibiotic
aadS,aminoglycoside antibiotic
aadT,disinfecting agents and antiseptics;macrolide antibiotic;tetracycline antibiotic
AAK-1,carbapenem
Abau_AbaF,phosphonic acid antibiotic
Abau_AbaQ,fluoroquinolone antibiotic
Abau_AbuO,aminoglycoside antibiotic;carbapenem;cephalosporin;disinfecting agents and antiseptics;glycylcycline;penem;tetracycline antibiotic
Abau_ampC_BLA,cephalosporin;penem
Abau_AmvA,disinfecting agents and antiseptics;macrolide antibiotic
Abau_gyrA_FLO,fluoroquinolone antibiotic;nybomycin-like antibiotic
Abau_OprD_IPM,carbapenem;cephalosporin;cephamycin;monobactam;penem;penem
Abau_parC_FLO,fluoroquinolone antibiotic
abcA,cephalosporin;penem;peptide antibiotic
abeM,disinfecting agents and antiseptics;fluoroquinolone antibiotic
abeS,aminocoumarin antibiotic;macrolide antibiotic
ACC-1,cephalosporin;cephamycin;monobactam;oxacephem;penem
ACC-1a,cephalosporin;cephamycin;monobactam;oxacephem;penem
ACC-1b,cephalosporin;cephamycin;monobactam;oxacephem;penem
ACC-1c,cephalosporin;cephamycin;monobactam;oxacephem;penem
ACC-1d,cephalosporin;cephamycin;monobactam;oxacephem;penem
ACC-2,cephalosporin;monobactam;penem
ACC-3,cephalosporin;monobactam;penem
ACC-4,cephalosporin;monobactam;penem
ACC-5,cephalosporin;monobactam;penem
ACC-7,cephalosporin;monobactam;penem
ACC-8,cephalosporin;monobactam;penem
ACI-1,cephalosporin;penem;penem
Acla_ACT_CHL,phenicol antibiotic
acrB,cephalosporin;disinfecting agents and antiseptics;fluoroquinolone antibiotic;glycylcycline;penem;phenicol antibiotic;rifamycin antibiotic;tetracycline antibiotic
acrD,aminoglycoside antibiotic
AcrE,cephalosporin;cephamycin;fluoroquinolone antibiotic;penem
AcrF,cephalosporin;cephamycin;fluoroquinolone antibiotic;penem
AcrS,cephalosporin;cephamycin;disinfecting agents and antiseptics;fluoroquinolone antibiotic;glycylcycline;penem;phenicol antibiotic;rifamycin antibiotic;tetracycline antibiotic
ACT-1,carbapenem;cephalosporin;cephamycin;penem
ACT-10,carbapenem;cephalosporin;cephamycin;penem
ACT-12,carbapenem;cephalosporin;cephamycin;penem
ACT-13,carbapenem;cephalosporin;cephamycin;penem
ACT-14,carbapenem;cephalosporin;cephamycin;penem
ACT-15,carbapenem;cephalosporin;cephamycin;penem
ACT-16,carbapenem;cephalosporin;cephamycin;penem
ACT-17,carbapenem;cephalosporin;cephamycin;penem
ACT-18,carbapenem;cephalosporin;cephamycin;penem
ACT-19,carbapenem;cephalosporin;cephamycin;penem
ACT-2,carbapenem;cephalosporin;cephamycin;penem
ACT-20,carbapenem;cephalosporin;cephamycin;penem
ACT-21,carbapenem;cephalosporin;cephamycin;penem
ACT-22,carbapenem;cephalosporin;cephamycin;penem
ACT-23,carbapenem;cephalosporin;cephamycin;penem
ACT-24,carbapenem;cephalosporin;cephamycin;penem
ACT-25,carbapenem;cephalosporin;cephamycin;penem
ACT-27,carbapenem;cephalosporin;cephamycin;penem
ACT-28,carbapenem;cephalosporin;cephamycin;penem
ACT-29,carbapenem;cephalosporin;cephamycin;penem
ACT-3,carbapenem;cephalosporin;cephamycin;penem
ACT-30,carbapenem;cephalosporin;cephamycin;penem
ACT-31,carbapenem;cephalosporin;cephamycin;penem
ACT-32,carbapenem;cephalosporin;cephamycin;penem
ACT-33,carbapenem;cephalosporin;cephamycin;penem
ACT-34,carbapenem;cephalosporin;cephamycin;penem
ACT-35,carbapenem;cephalosporin;cephamycin;penem
ACT-36,carbapenem;cephalosporin;cephamycin;penem
ACT-37,carbapenem;cephalosporin;cephamycin;penem
ACT-38,carbapenem;cephalosporin;cephamycin;penem
ACT-39,carbapenem;cephalosporin;cephamycin;penem
ACT-4,carbapenem;cephalosporin;cephamycin;penem
ACT-40,carbapenem;cephalosporin;cephamycin;penem
ACT-41,carbapenem;cephalosporin;cephamycin;penem
ACT-42,carbapenem;cephalosporin;cephamycin;penem
ACT-43,carbapenem;cephalosporin;cephamycin;penem
ACT-44,carbapenem;cephalosporin;cephamycin;penem
ACT-45,carbapenem;cephalosporin;cephamycin;penem
ACT-46,carbapenem;cephalosporin;cephamycin;penem
ACT-47,carbapenem;cephalosporin;cephamycin;penem
ACT-48,carbapenem;cephalosporin;cephamycin;penem
ACT-49,carbapenem;cephalosporin;cephamycin;penem
ACT-5,carbapenem;cephalosporin;cephamycin;penem
ACT-50,carbapenem;cephalosporin;cephamycin;penem
ACT-51,carbapenem;cephalosporin;cephamycin;penem
ACT-52,carbapenem;cephalosporin;cephamycin;penem
ACT-53,carbapenem;cephalosporin;cephamycin;penem
ACT-54,carbapenem;cephalosporin;cephamycin;penem
ACT-55,carbapenem;cephalosporin;cephamycin;penem
ACT-56,carbapenem;cephalosporin;cephamycin;penem
ACT-57,carbapenem;cephalosporin;cephamycin;penem
ACT-58,carbapenem;cephalosporin;cephamycin;penem
ACT-59,carbapenem;cephalosporin;cephamycin;penem
ACT-6,carbapenem;cephalosporin;cephamycin;penem
ACT-60,carbapenem;cephalosporin;cephamycin;penem
ACT-61,carbapenem;cephalosporin;cephamycin;penem
ACT-62,carbapenem;cephalosporin;cephamycin;penem
ACT-63,carbapenem;cephalosporin;cephamycin;penem
ACT-64,carbapenem;cephalosporin;cephamycin;penem
ACT-65,carbapenem;cephalosporin;cephamycin;penem
ACT-66,carbapenem;cephalosporin;cephamycin;penem
ACT-67,carbapenem;cephalosporin;cephamycin;penem
ACT-68,carbapenem;cephalosporin;cephamycin;penem
ACT-69,carbapenem;cephalosporin;cephamycin;penem
ACT-7,carbapenem;cephalosporin;cephamycin;penem
ACT-70,carbapenem;cephalosporin;cephamycin;penem
ACT-72,carbapenem;cephalosporin;cephamycin;penem
ACT-73,carbapenem;cephalosporin;cephamycin;penem
ACT-74,carbapenem;cephalosporin;cephamycin;penem
ACT-75,carbapenem;cephalosporin;cephamycin;penem
ACT-76,carbapenem;cephalosporin;cephamycin;penem
ACT-77,carbapenem;cephalosporin;cephamycin;penem
ACT-78,carbapenem;cephalosporin;cephamycin;penem
ACT-79,carbapenem;cephalosporin;cephamycin;penem
ACT-8,carbapenem;cephalosporin;cephamycin;penem
ACT-80,carbapenem;cephalosporin;cephamycin;penem
ACT-81,carbapenem;cephalosporin;cephamycin;penem
ACT-82,carbapenem;cephalosporin;cephamycin;penem
ACT-83,carbapenem;cephalosporin;cephamycin;penem
ACT-84,carbapenem;cephalosporin;cephamycin;penem
ACT-87,carbapenem;cephalosporin;cephamycin;penem
ACT-9,carbapenem;cephalosporin;cephamycin;penem
ADC-1,cephalosporin
ADC-10,cephalosporin
ADC-100,cephalosporin
ADC-101,cephalosporin
ADC-102,cephalosporin
ADC-103,cephalosporin
ADC-104,cephalosporin
ADC-105,cephalosporin
ADC-106,cephalosporin
ADC-107,cephalosporin
ADC-109,cephalosporin
ADC-11,cephalosporin
ADC-110,cephalosporin
ADC-112,cephalosporin
ADC-113,cephalosporin
ADC-114,cephalosporin
ADC-115,cephalosporin
ADC-116,cephalosporin
ADC-117,cephalosporin
ADC-119,cephalosporin
ADC-12,cephalosporin
ADC-120,cephalosporin
ADC-121,cephalosporin
ADC-122,cephalosporin
ADC-123,cephalosporin
ADC-125,cephalosporin
ADC-127,cephalosporin
ADC-128,cephalosporin
ADC-129,cephalosporin
ADC-13,cephalosporin
ADC-130,cephalosporin
ADC-131,cephalosporin
ADC-132,cephalosporin
ADC-133,cephalosporin
ADC-134,cephalosporin
ADC-135,cephalosporin
ADC-136,cephalosporin
ADC-137,cephalosporin
ADC-138,cephalosporin
ADC-139,cephalosporin
ADC-14,cephalosporin
ADC-140,cephalosporin
ADC-141,cephalosporin
ADC-143,cephalosporin
ADC-144,cephalosporin
ADC-145,cephalosporin
ADC-146,cephalosporin
ADC-147,cephalosporin
ADC-148,cephalosporin
ADC-149,cephalosporin
ADC-15,cephalosporin
ADC-150,cephalosporin
ADC-151,cephalosporin
ADC-152,cephalosporin
ADC-153,cephalosporin
ADC-154,cephalosporin
ADC-155,cephalosporin
ADC-156,cephalosporin
ADC-157,cephalosporin
ADC-158,cephalosporin
ADC-159,cephalosporin
ADC-16,cephalosporin
ADC-160,cephalosporin
ADC-162,cephalosporin
ADC-163,cephalosporin
ADC-164,cephalosporin
ADC-165,cephalosporin
ADC-166,cephalosporin
ADC-167,cephalosporin
ADC-168,cephalosporin
ADC-169,cephalosporin
ADC-17,cephalosporin
ADC-170,cephalosporin
ADC-171,cephalosporin
ADC-172,cephalosporin
ADC-173,cephalosporin
ADC-174,cephalosporin
ADC-175,cephalosporin
ADC-176,cephalosporin
ADC-177,cephalosporin
ADC-178,cephalosporin
ADC-179,cephalosporin
ADC-18,cephalosporin
ADC-180,cephalosporin
ADC-181,cephalosporin
ADC-182,cephalosporin
ADC-183,cephalosporin
ADC-184,cephalosporin
ADC-185,cephalosporin
ADC-186,cephalosporin
ADC-187,cephalosporin
ADC-188,cephalosporin
ADC-189,cephalosporin
ADC-19,cephalosporin
ADC-190,cephalosporin
ADC-191,cephalosporin
ADC-192,cephalosporin
ADC-193,cephalosporin
ADC-194,cephalosporin
ADC-195,cephalosporin
ADC-196,cephalosporin
ADC-197,cephalosporin
ADC-198,cephalosporin
ADC-199,cephalosporin
ADC-2,cephalosporin
ADC-20,cephalosporin
ADC-200,cephalosporin
ADC-201,cephalosporin
ADC-202,cephalosporin
ADC-203,cephalosporin
ADC-204,cephalosporin
ADC-205,cephalosporin
ADC-206,cephalosporin
ADC-207,cephalosporin
ADC-208,cephalosporin
ADC-209,cephalosporin
ADC-21,cephalosporin
ADC-210,cephalosporin
ADC-211,cephalosporin
ADC-212,cephalosporin
ADC-213,cephalosporin
ADC-214,cephalosporin
ADC-215,cephalosporin
ADC-216,cephalosporin
ADC-217,cephalosporin
ADC-218,cephalosporin
ADC-219,cephalosporin
ADC-22,cephalosporin
ADC-220,cephalosporin
ADC-221,cephalosporin
ADC-222,cephalosporin
ADC-223,cephalosporin
ADC-224,cephalosporin
ADC-225,cephalosporin
ADC-226,cephalosporin
ADC-227,cephalosporin
ADC-228,cephalosporin
ADC-229,cephalosporin
ADC-23,cephalosporin
ADC-230,cephalosporin
ADC-231,cephalosporin
ADC-232,cephalosporin
ADC-233,cephalosporin
ADC-234,cephalosporin
ADC-235,cephalosporin
ADC-236,cephalosporin
ADC-237,cephalosporin
ADC-238,cephalosporin
ADC-239,cephalosporin
ADC-24,cephalosporin
ADC-240,cephalosporin
ADC-241,cephalosporin
ADC-242,cephalosporin
ADC-243,cephalosporin
ADC-244,cephalosporin
ADC-245,cephalosporin
ADC-246,cephalosporin
ADC-247,cephalosporin
ADC-248,cephalosporin
ADC-249,cephalosporin
ADC-25,cephalosporin
ADC-250,cephalosporin
ADC-251,cephalosporin
ADC-252,cephalosporin
ADC-253,cephalosporin
ADC-254,cephalosporin
ADC-255,cephalosporin
ADC-256,cephalosporin
ADC-29,cephalosporin
ADC-3,cephalosporin
ADC-30,cephalosporin
ADC-31,cephalosporin
ADC-32,cephalosporin
ADC-33,cephalosporin
ADC-38,cephalosporin
ADC-39,cephalosporin
ADC-4,cephalosporin
ADC-41,cephalosporin
ADC-42,cephalosporin
ADC-43,cephalosporin
ADC-44,cephalosporin
ADC-5,cephalosporin
ADC-51,cephalosporin
ADC-52,cephalosporin
ADC-53,cephalosporin
ADC-54,cephalosporin
ADC-56,cephalosporin
ADC-57,cephalosporin
ADC-58,cephalosporin
ADC-59,cephalosporin
ADC-6,cephalosporin
ADC-60,cephalosporin
ADC-61,cephalosporin
ADC-62,cephalosporin
ADC-63,cephalosporin
ADC-65,cephalosporin
ADC-66,cephalosporin
ADC-67,cephalosporin
ADC-68,carbapenem
ADC-7,cephalosporin
ADC-70,cephalosporin
ADC-73,cephalosporin
ADC-74,cephalosporin
ADC-75,cephalosporin
ADC-76,cephalosporin
ADC-77,cephalosporin
ADC-78,cephalosporin
ADC-79,cephalosporin
ADC-8,cephalosporin
ADC-80,cephalosporin
ADC-81,cephalosporin
ADC-82,cephalosporin
ADC-83,cephalosporin
ADC-84,cephalosporin
ADC-85,cephalosporin
ADC-86,cephalosporin
ADC-87,cephalosporin
ADC-88,cephalosporin
ADC-89,cephalosporin
ADC-90,cephalosporin
ADC-91,cephalosporin
ADC-92,cephalosporin
ADC-93,cephalosporin
ADC-94,cephalosporin
ADC-95,cephalosporin
ADC-96,cephalosporin
ADC-97,cephalosporin
ADC-98,cephalosporin
ADC-99,cephalosporin
adeA,glycylcycline;tetracycline antibiotic
adeB,glycylcycline;tetracycline antibiotic
adeC,glycylcycline;tetracycline antibiotic
adeF,fluoroquinolone antibiotic;tetracycline antibiotic
adeG,fluoroquinolone antibiotic;tetracycline antibiotic
adeH,fluoroquinolone antibiotic;tetracycline antibiotic
adeI,carbapenem;cephalosporin;diaminopyrimidine antibiotic;fluoroquinolone antibiotic;lincosamide antibiotic;macrolide antibiotic;penem;phenicol antibiotic;rifamycin antibiotic;tetracycline antibiotic
adeJ,carbapenem;cephalosporin;diaminopyrimidine antibiotic;fluoroquinolone antibiotic;lincosamide antibiotic;macrolide antibiotic;penem;phenicol antibiotic;rifamycin antibiotic;tetracycline antibiotic
adeK,carbapenem;cephalosporin;diaminopyrimidine antibiotic;fluoroquinolone antibiotic;lincosamide antibiotic;macrolide antibiotic;penem;phenicol antibiotic;rifamycin antibiotic;tetracycline antibiotic
adeL,fluoroquinolone antibiotic;tetracycline antibiotic
adeN,carbapenem;cephalosporin;diaminopyrimidine antibiotic;fluoroquinolone antibiotic;lincosamide antibiotic;macrolide antibiotic;penem;phenicol antibiotic;rifamycin antibiotic;tetracycline antibiotic
adeR,glycylcycline;tetracycline antibiotic
adeS,glycylcycline;tetracycline antibiotic
AER-1,penem
Afab_ACT_CHL,phenicol antibiotic
AFM-1,carbapenem
AFM-2,carbapenem
AIM-1,cephalosporin;cephamycin;penem
ALG11-1,carbapenem
ALG6-1,carbapenem
ALI-1,carbapenem
ALI-2,carbapenem
almE,peptide antibiotic
almF,peptide antibiotic
almG,peptide antibiotic
amrA,aminoglycoside antibiotic;macrolide antibiotic
amrB,aminoglycoside antibiotic;macrolide antibiotic
AMZ-1,cephalosporin;cephamycin;penem
ANA-1,carbapenem
ANT(2'')-Ia,aminoglycoside antibiotic
ANT(3'')-Ib,aminoglycoside antibiotic
ANT(3'')-IIa,aminoglycoside antibiotic
ANT(3'')-IIb,aminoglycoside antibiotic
ANT(3'')-IIc,aminoglycoside antibiotic
ANT(4')-Ia,aminoglycoside antibiotic
ANT(4')-Ib,aminoglycoside antibiotic
ANT(4')-IIa,aminoglycoside antibiotic
ANT(4')-IIb,aminoglycoside antibiotic
ANT(6)-Ia,aminoglycoside antibiotic
ANT(6)-Ib,aminoglycoside antibiotic
ANT(9)-Ia,aminoglycoside antibiotic
ANT(9)-Ib,aminoglycoside antibiotic
ANT(9)-Ic,aminoglycoside antibiotic
ANT3II_ANT6II,aminoglycoside antibiotic
APH(2'')-Ie,aminoglycoside antibiotic
APH(2'')-If,aminoglycoside antibiotic
APH(2'')-Ig,aminoglycoside antibiotic
APH(2'')-IIa,aminoglycoside antibiotic
APH(2'')-IIIa,aminoglycoside antibiotic
APH(2'')-IVa,aminoglycoside antibiotic
APH(3'')-Ia,aminoglycoside antibiotic
APH(3'')-Ib,aminoglycoside antibiotic
APH(3'')-Ic,aminoglycoside antibiotic
APH(3')-Ia,aminoglycoside antibiotic
APH(3')-Ib,aminoglycoside antibiotic
APH(3')-IIa,aminoglycoside antibiotic
APH(3')-IIb,aminoglycoside antibiotic
APH(3')-IIc,aminoglycoside antibiotic
APH(3')-IIIa,aminoglycoside antibiotic
APH(3')-IVa,aminoglycoside antibiotic
APH(3')-IXa,aminoglycoside antibiotic
APH(3')-Va,aminoglycoside antibiotic
APH(3')-Vb,aminoglycoside antibiotic
APH(3')-Vc,aminoglycoside antibiotic
APH(3')-VIa,aminoglycoside antibiotic
APH(3')-VIb,aminoglycoside antibiotic
APH(3')-VIIa,aminoglycoside antibiotic
APH(3')-VIIIa,aminoglycoside antibiotic
APH(3')-VIIIb,aminoglycoside antibiotic
APH(4)-Ia,aminoglycoside antibiotic
APH(4)-Ib,aminoglycoside antibiotic
APH(6)-Ia,aminoglycoside antibiotic
APH(6)-Ib,aminoglycoside antibiotic
APH(6)-Ic,aminoglycoside antibiotic
APH(6)-Id,aminoglycoside antibiotic
APH(7'')-Ia,aminoglycoside antibiotic
APH(9)-Ia,aminoglycoside antibiotic
APH(9)-Ib,aminoglycoside antibiotic
APH(9)-Ic,aminoglycoside antibiotic
aphA15,aminoglycoside antibiotic
apmA,aminoglycoside antibiotic
AQU-1,cephalosporin
AQU-2,cephalosporin
AQU-3,cephalosporin
ARL-1,penem
ARL-2,penem
ARL-3,penem
ARL-4,penem
ARL-5,penem
ARL-6,penem
arlR,disinfecting agents and antiseptics;fluoroquinolone antibiotic
arlS,disinfecting agents and antiseptics;fluoroquinolone antibiotic
armA,aminoglycoside antibiotic
ArmR,aminocoumarin antibiotic;carbapenem;cephalosporin;cephamycin;diaminopyrimidine antibiotic;fluoroquinolone antibiotic;macrolide antibiotic;monobactam;penem;penem;peptide antibiotic;phenicol antibiotic;sulfonamide antibiotic;tetracycline antibiotic
arnA,peptide antibiotic
ArnT,peptide antibiotic
arr-1,rifamycin antibiotic
arr-2,rifamycin antibiotic
arr-3,rifamycin antibiotic
arr-4,rifamycin antibiotic
arr-5,rifamycin antibiotic
arr-7,rifamycin antibiotic
arr-8,rifamycin antibiotic
AST-1,cephalosporin;penem
AXC-1,carbapenem
AXC-2,carbapenem
AXC-3,carbapenem
AXC-4,carbapenem
AXC-5,carbapenem
AxyX,aminoglycoside antibiotic;cephalosporin;fluoroquinolone antibiotic;macrolide antibiotic
AxyY,aminoglycoside antibiotic;cephalosporin;fluoroquinolone antibiotic;macrolide antibiotic
AxyZ,aminoglycoside antibiotic;cephalosporin;fluoroquinolone antibiotic;macrolide antibiotic
bacA,peptide antibiotic
Bado_rpoB_RIF,peptide antibiotic;rifamycin antibiotic
baeR,aminocoumarin antibiotic;aminoglycoside antibiotic
baeS,aminocoumarin antibiotic;aminoglycoside antibiotic
BahA,peptide antibiotic
basR,peptide antibiotic
basS,peptide antibiotic
BAT-1,cephalosporin
Bbac_gyrA_AMU,aminocoumarin antibiotic
Bbac_gyrA_FLO,fluoroquinolone antibiotic;nybomycin-like antibiotic
Bbif_ileS_MUP,mupirocin-like antibiotic
Bbur_16S_GEN,aminoglycoside antibiotic;glycopeptide antibiotic;glycylcycline;nucleoside antibiotic;peptide antibiotic;tetracycline antibiotic
Bbur_16S_KAN,aminoglycoside antibiotic;glycopeptide antibiotic;glycylcycline;nucleoside antibiotic;peptide antibiotic;tetracycline antibiotic
Bbur_16S_SPT,aminoglycoside antibiotic;glycopeptide antibiotic;glycylcycline;nucleoside antibiotic;peptide antibiotic;tetracycline antibiotic
Bbur_mur_FOF,phosphonic acid antibiotic
BcI,cephalosporin;penem
BcII,cephalosporin;penem
BcIII,cephalosporin;penem
BCL-1,penem
bcr-1,bicyclomycin-like antibiotic
bcrA,peptide antibiotic
bcrB,peptide antibiotic
bcrC,peptide antibiotic
Bdol_gyrA_FLO,fluoroquinolone antibiotic;nybomycin-like antibiotic
BEL-1,cephalosporin;monobactam;penem
BEL-2,cephalosporin;monobactam;penem
BEL-3,cephalosporin;monobactam;penem
BEL-4,cephalosporin;monobactam;penem
BES-1,penem
Bhyo_23S_TYL,glycopeptide antibiotic;lincosamide antibiotic;macrolide antibiotic;phenicol antibiotic;pleuromutilin antibiotic;streptogramin A antibiotic;streptogramin B antibiotic;streptogramin antibiotic
BIC-1,carbapenem
BIL-1,cephalosporin
BJP-1,carbapenem
BKC-1,carbapenem
BKC-2,carbapenem
Bla1,penem
Bla2,carbapenem;cephalosporin;penem
BlaB-1,carbapenem;penem
BlaB-10,carbapenem;penem
BlaB-11,carbapenem;penem
BlaB-12,carbapenem;penem
BlaB-13,carbapenem;penem
BlaB-14,carbapenem;penem
BlaB-15,carbapenem;penem
BlaB-16,carbapenem;penem
BlaB-17,carbapenem;penem
BlaB-18,carbapenem;penem
BlaB-19,carbapenem;penem
BlaB-2,carbapenem;penem
BlaB-20,carbapenem;penem
BlaB-22,carbapenem;penem
BlaB-23,carbapenem;penem
BlaB-24,carbapenem;penem
BlaB-25,carbapenem;penem
BlaB-26,carbapenem;penem
BlaB-27,carbapenem;penem
BlaB-28,carbapenem;penem
BlaB-29,carbapenem;penem
BlaB-3,carbapenem;penem
BlaB-30,carbapenem;penem
BlaB-31,carbapenem;penem
BlaB-32,carbapenem;penem
BlaB-33,carbapenem;penem
BlaB-34,carbapenem;penem
BlaB-35,carbapenem;penem
BlaB-36,carbapenem;penem
BlaB-38,carbapenem;penem
BlaB-39,carbapenem;penem
BlaB-5,carbapenem;penem
BlaB-6,carbapenem;penem
BlaB-7,carbapenem;penem
BlaB-8,carbapenem;penem
BlaB-9,carbapenem;penem
blaC,cephalosporin;cephamycin;penem;penem
blaF,penem
blaI,penem
blaR1,penem
blaS1,cephalosporin;cephamycin;penem
BLMT,glycopeptide antibiotic
blt,disinfecting agents and antiseptics;fluoroquinolone antibiotic
bmr,disinfecting agents and antiseptics;fluoroquinolone antibiotic;nucleoside antibiotic;phenicol antibiotic
Bpse_Omp38,carbapenem;cephalosporin;cephamycin;monobactam;penem;penem
BPU-1,penem
Bpum_cat86,phenicol antibiotic
BRO-1,penem
BRO-2,penem
BRP(MBL),glycopeptide antibiotic
BSU-1,carbapenem
Bsub_mprF,peptide antibiotic
Bsub_pgsA_DAP,peptide antibiotic
Bsub_rpoB_RIF,peptide antibiotic;rifamycin antibiotic
Bsub_rpsE_SPT,aminoglycoside antibiotic
Bsui_mprF,peptide antibiotic
BUT-1,cephalosporin
BUT-2,cephalosporin
Cacn_16S_TET,aminoglycoside antibiotic;glycopeptide antibiotic;glycylcycline;nucleoside antibiotic;peptide antibiotic;tetracycline antibiotic
Cacn_gyrA_FLO,fluoroquinolone antibiotic;nybomycin-like antibiotic
CAE-1,cephalosporin;penem
CAM-1,carbapenem;cephalosporin;cephamycin;penem
CAR-1,carbapenem
carA,macrolide antibiotic
CARB-1,penem
CARB-10,penem
CARB-11,penem
CARB-12,penem
CARB-14,penem
CARB-16,penem
CARB-17,penem
CARB-18,penem
CARB-19,penem
CARB-2,penem
CARB-20,penem
CARB-21,penem
CARB-22,penem
CARB-23,penem
CARB-24,penem
CARB-25,penem
CARB-26,penem
CARB-27,penem
CARB-28,penem
CARB-29,penem
CARB-3,penem
CARB-30,penem
CARB-31,penem
CARB-32,penem
CARB-33,penem
CARB-34,penem
CARB-35,penem
CARB-36,penem
CARB-38,penem
CARB-4,penem
CARB-40,penem
CARB-41,penem
CARB-42,penem
CARB-43,penem
CARB-44,penem
CARB-45,penem
CARB-46,penem
CARB-47,penem
CARB-48,penem
CARB-49,penem
CARB-5,penem
CARB-50,penem
CARB-51,penem
CARB-52,penem
CARB-53,penem
CARB-54,penem
CARB-55,penem
CARB-58,penem
CARB-6,penem
CARB-7,penem
CARB-8,penem
CARB-9,penem
carO,carbapenem
catA1,phenicol antibiotic
catA4,phenicol antibiotic
catA8,phenicol antibiotic
catB10,phenicol antibiotic
catB11,phenicol antibiotic
catB2,phenicol antibiotic
catB3,phenicol antibiotic
catB8,phenicol antibiotic
catB9,phenicol antibiotic
catII,phenicol antibiotic
catII_from_Escherichia_coli_K-12,phenicol antibiotic
catIII,phenicol antibiotic
catP,phenicol antibiotic
catQ,phenicol antibiotic
catS,phenicol antibiotic
CatU,phenicol antibiotic
catV,phenicol antibiotic
CAU-1,carbapenem;penem
CblA-1,cephalosporin
CBP-1,penem
Cbut_catB,phenicol antibiotic
Ccol_ACT_CHL,phenicol antibiotic
CcrA,carbapenem
CDA-1,carbapenem;cephalosporin;cephamycin;monobactam;penem;penem
CDD-1,carbapenem
CDD-2,carbapenem
cdeA,disinfecting agents and antiseptics;fluoroquinolone antibiotic
Cdif_23S_MULT,glycopeptide antibiotic;lincosamide antibiotic;macrolide antibiotic;phenicol antibiotic;pleuromutilin antibiotic;streptogramin A antibiotic;streptogramin B antibiotic;streptogramin antibiotic
Cdif_EFTu_ELF,elfamycin antibiotic
Cdif_gyrA_FLO,fluoroquinolone antibiotic;nybomycin-like antibiotic
Cdif_gyrB_FLO,aminocoumarin antibiotic;fluoroquinolone antibiotic
Cdif_murG_VAN,glycopeptide antibiotic
Cdif_rpoB_RIF,peptide antibiotic;rifamycin antibiotic
Cdif_rpoC_VAN,glycopeptide antibiotic
CdnimB,nitroimidazole antibiotic
ceoA,aminoglycoside antibiotic;fluoroquinolone antibiotic
ceoB,aminoglycoside antibiotic;fluoroquinolone antibiotic
cepA,cephalosporin
CepA-29,cephalosporin
CepA-44,cephalosporin
CepA-49,cephalosporin
CepS,cephalosporin
CFE-1,cephamycin
CFE-2,cephamycin
CfiA10,carbapenem
CfiA11,carbapenem
CfiA14,carbapenem
CfiA17,carbapenem
CfiA18,carbapenem
CfiA19,carbapenem
CfiA2,carbapenem
CfiA21,carbapenem
CfiA22,carbapenem
CfiA23,carbapenem
CfiA24,carbapenem
CfiA26,carbapenem
CfiA27,carbapenem
CfiA4,carbapenem
CfiA8,carbapenem
CfiA9,carbapenem
cfr(B),lincosamide antibiotic;oxazolidinone antibiotic;phenicol antibiotic;streptogramin antibiotic
cfr(D),glycopeptide antibiotic;lincosamide antibiotic;oxazolidinone antibiotic;phenicol antibiotic;streptogramin antibiotic
cfrA,lincosamide antibiotic;oxazolidinone antibiotic;phenicol antibiotic;pleuromutilin antibiotic;streptogramin A antibiotic;streptogramin antibiotic
cfrC,lincosamide antibiotic;oxazolidinone antibiotic;phenicol antibiotic;streptogramin antibiotic
cfrE,lincosamide antibiotic;oxazolidinone antibiotic;phenicol antibiotic;pleuromutilin antibiotic;streptogramin antibiotic
CfxA,cephamycin;oxacephem
CfxA2,cephamycin
CfxA3,cephamycin
CfxA4,cephamycin
CfxA5,cephamycin
CfxA6,cephamycin
CGA-1,penem
CGB-1,carbapenem;cephalosporin;penem
Cgin_gyrA_FLO,fluoroquinolone antibiotic;nybomycin-like antibiotic
chrB,lincosamide antibiotic;macrolide antibiotic
CIA-1,carbapenem;cephalosporin
CIA-2,carbapenem;cephalosporin
CIA-3,carbapenem;cephalosporin
CIA-4,carbapenem;cephalosporin
cipA,lincosamide antibiotic;oxazolidinone antibiotic;phenicol antibiotic;pleuromutilin antibiotic;streptogramin A antibiotic;streptogramin antibiotic
Cjej_23S_ERY,glycopeptide antibiotic;lincosamide antibiotic;macrolide antibiotic;phenicol antibiotic;pleuromutilin antibiotic;streptogramin A antibiotic;streptogramin B antibiotic;streptogramin antibiotic
Cjej_gyrA_FLO,fluoroquinolone antibiotic;nybomycin-like antibiotic
CKO-1,penem
clbA,lincosamide antibiotic;oxazolidinone antibiotic;phenicol antibiotic;pleuromutilin antibiotic;streptogramin A antibiotic;streptogramin antibiotic
clbB,lincosamide antibiotic;oxazolidinone antibiotic;phenicol antibiotic;pleuromutilin antibiotic;streptogramin A antibiotic;streptogramin antibiotic
clbC,lincosamide antibiotic;oxazolidinone antibiotic;phenicol antibiotic;pleuromutilin antibiotic;streptogramin A antibiotic;streptogramin antibiotic
clcD,lincosamide antibiotic;oxazolidinone antibiotic;phenicol antibiotic;pleuromutilin antibiotic;streptogramin A antibiotic;streptogramin B antibiotic;streptogramin antibiotic
CMA-1,cephalosporin
CMA-2,cephalosporin
CME-1,penem
CME-2,penem
cmeA,cephalosporin;fluoroquinolone antibiotic;fusidane antibiotic;macrolide antibiotic
cmeB,cephalosporin;fluoroquinolone antibiotic;fusidane antibiotic;macrolide antibiotic
cmeC,cephalosporin;fluoroquinolone antibiotic;fusidane antibiotic;macrolide antibiotic
Cmen_BlaB,carbapenem;penem
cmeR,cephalosporin;fluoroquinolone antibiotic;fusidane antibiotic;macrolide antibiotic
CMH-1,cephalosporin
CMH-2,cephalosporin
CMH-3,cephalosporin
CMH-4,cephalosporin
CMH-5,cephalosporin
CMH-6,cephalosporin
cmlA1,phenicol antibiotic
cmlA4,phenicol antibiotic
cmlA5,phenicol antibiotic
cmlA6,phenicol antibiotic
cmlA8,phenicol antibiotic
cmlA9,phenicol antibiotic
cmlB,phenicol antibiotic
cmlB1,phenicol antibiotic
cmlv,phenicol antibiotic
cmrA,phenicol antibiotic
cmx,phenicol antibiotic
CMY-1,cephamycin
CMY-10,cephamycin
CMY-100,cephamycin
CMY-101,cephamycin
CMY-102,cephamycin
CMY-103,cephamycin
CMY-104,cephamycin
CMY-105,cephamycin
CMY-106,cephamycin
CMY-106,cephamycin
CMY-107,cephamycin
CMY-108,cephamycin
CMY-109,cephamycin
CMY-11,cephamycin
CMY-110,cephamycin
CMY-111,cephamycin
CMY-112,cephamycin
CMY-113,cephamycin
CMY-114,cephamycin
CMY-115,cephamycin
CMY-116,cephamycin
CMY-117,cephamycin
CMY-118,cephamycin
CMY-119,cephamycin
CMY-12,cephamycin
CMY-121,cephamycin
CMY-122,cephamycin
CMY-124,cephamycin
CMY-125,cephamycin
CMY-127,cephamycin
CMY-128,cephamycin
CMY-129,cephamycin
CMY-13,cephamycin
CMY-130,cephamycin
CMY-131,cephamycin
CMY-131,cephamycin
CMY-132,cephamycin
CMY-133,cephamycin
CMY-134,cephamycin
CMY-135,cephamycin
CMY-136,cephalosporin;cephamycin
CMY-137,cephamycin
CMY-138,cephamycin
CMY-139,cephamycin
CMY-14,cephamycin
CMY-140,cephamycin
CMY-141,cephamycin
CMY-142,cephamycin
CMY-143,cephamycin
CMY-144,cephamycin
CMY-145,cephamycin
CMY-146,cephamycin
CMY-147,cephamycin
CMY-148,cephamycin
CMY-149,cephamycin
CMY-15,cephamycin
CMY-150,cephamycin
CMY-151,cephamycin
CMY-152,cephamycin
CMY-153,cephamycin
CMY-154,cephamycin
CMY-155,cephamycin
CMY-156,cephamycin
CMY-157,cephamycin
CMY-158,cephamycin
CMY-159,cephamycin
CMY-16,cephamycin
CMY-160,cephamycin
CMY-161,cephamycin
CMY-162,cephamycin
CMY-163,cephamycin
CMY-164,cephamycin
CMY-165,cephamycin
CMY-166,cephamycin
CMY-167,cephamycin
CMY-168,cephamycin
CMY-169,cephamycin
CMY-17,cephamycin
CMY-170,cephamycin
CMY-171,cephamycin
CMY-173,cephamycin
CMY-174,cephamycin
CMY-18,cephamycin
CMY-185,cephamycin
CMY-19,cephamycin
CMY-2,carbapenem;cephalosporin;cephamycin;penem
CMY-20,cephamycin
CMY-21,cephamycin
CMY-22,cephamycin
CMY-23,cephamycin
CMY-24,cephamycin
CMY-25,cephamycin
CMY-26,cephamycin
CMY-27,cephamycin
CMY-28,cephamycin
CMY-29,cephamycin
CMY-30,cephamycin
CMY-31,cephamycin
CMY-32,cephamycin
CMY-33,cephamycin
CMY-34,cephamycin
CMY-35,cephamycin
CMY-36,cephamycin
CMY-37,cephamycin
CMY-38,cephamycin
CMY-39,cephamycin
CMY-4,cephamycin
CMY-40,cephamycin
CMY-41,cephamycin
CMY-42,cephalosporin;cephamycin
CMY-43,cephamycin
CMY-44,cephamycin
CMY-45,cephamycin
CMY-46,cephamycin
CMY-47,cephamycin
CMY-48,cephamycin
CMY-49,cephamycin
CMY-5,cephamycin
CMY-50,cephamycin
CMY-51,cephamycin
CMY-53,cephamycin
CMY-54,cephamycin
CMY-55,cephamycin
CMY-56,cephamycin
CMY-57,cephamycin
CMY-58,cephamycin
CMY-59,cephamycin
CMY-6,cephamycin
CMY-60,cephamycin
CMY-61,cephamycin
CMY-62,cephamycin
CMY-63,cephamycin
CMY-64,cephamycin
CMY-65,cephamycin
CMY-66,cephamycin
CMY-67,cephamycin
CMY-68,cephamycin
CMY-69,cephamycin
CMY-7,cephamycin
CMY-70,cephamycin
CMY-71,cephamycin
CMY-72,cephamycin
CMY-73,cephamycin
CMY-74,cephamycin
CMY-75,cephamycin
CMY-76,cephamycin
CMY-77,cephamycin
CMY-78,cephamycin
CMY-79,cephamycin
CMY-8,cephamycin
CMY-80,cephamycin
CMY-81,cephamycin
CMY-82,cephamycin
CMY-83,cephamycin
CMY-84,cephamycin
CMY-85,cephamycin
CMY-86,cephamycin
CMY-87,cephamycin
CMY-89,cephamycin
CMY-8b,cephamycin
CMY-9,cephamycin
CMY-90,cephamycin
CMY-93,cephamycin
CMY-94,cephamycin
CMY-95,cephamycin
CMY-96,cephamycin
CMY-97,cephamycin
CMY-98,cephamycin
CMY-99,cephamycin
cpaA,aminoglycoside antibiotic
Cper_cplR,lincosamide antibiotic;pleuromutilin antibiotic;streptogramin A antibiotic;streptogramin antibiotic
Cper_mprF,peptide antibiotic
cph,aminoglycoside antibiotic
cphA2,carbapenem
cphA3,carbapenem
cphA4,carbapenem
cphA5,carbapenem
cphA6,carbapenem
cphA7,carbapenem
cphA8,carbapenem
cplR,lincosamide antibiotic;nucleoside antibiotic;streptogramin A antibiotic;streptogramin antibiotic
cprR,peptide antibiotic
cprS,peptide antibiotic
CPS-1,carbapenem
Cpsi_16S_SPT,aminoglycoside antibiotic;glycopeptide antibiotic;glycylcycline;nucleoside antibiotic;peptide antibiotic;tetracycline antibiotic
cpxA,aminocoumarin antibiotic;aminoglycoside antibiotic
CrcB,aminoglycoside antibiotic
CRD3-1,carbapenem
Crei_16rrnS_STR,aminoglycoside antibiotic;glycopeptide antibiotic;glycylcycline;nucleoside antibiotic;peptide antibiotic;tetracycline antibiotic
Crei_23S_ERY,glycopeptide antibiotic;lincosamide antibiotic;macrolide antibiotic;phenicol antibiotic;pleuromutilin antibiotic;streptogramin A antibiotic;streptogramin B antibiotic;streptogramin antibiotic
CRH-1,carbapenem
CRH-2,carbapenem
CRH-3,carbapenem
CRP,fluoroquinolone antibiotic;macrolide antibiotic;penem
CRP-1,carbapenem
crxA,carbapenem
CSA-1,cephalosporin
CSA-2,cephalosporin
CSP-1,cephalosporin
Cspo_cplR,lincosamide antibiotic;pleuromutilin antibiotic
Cstr_tetA,penem;tetracycline antibiotic
Ctra_23S_MAC,glycopeptide antibiotic;lincosamide antibiotic;macrolide antibiotic;phenicol antibiotic;pleuromutilin antibiotic;streptogramin A antibiotic;streptogramin B antibiotic;streptogramin antibiotic
Ctra_murA_FOF,phosphonic acid antibiotic
CTX-M-1,cephalosporin
CTX-M-10,cephalosporin
CTX-M-100,cephalosporin
CTX-M-101,cephalosporin
CTX-M-102,cephalosporin
CTX-M-103,cephalosporin
CTX-M-104,cephalosporin
CTX-M-105,cephalosporin
CTX-M-106,cephalosporin
CTX-M-107,cephalosporin
CTX-M-108,cephalosporin
CTX-M-109,cephalosporin
CTX-M-11,cephalosporin
CTX-M-110,cephalosporin
CTX-M-111,cephalosporin
CTX-M-112,cephalosporin
CTX-M-113,cephalosporin
CTX-M-114,cephalosporin
CTX-M-115,cephalosporin
CTX-M-116,cephalosporin
CTX-M-117,cephalosporin
CTX-M-12,cephalosporin
CTX-M-121,cephalosporin
CTX-M-122,cephalosporin
CTX-M-123,cephalosporin
CTX-M-124,cephalosporin
CTX-M-125,cephalosporin
CTX-M-126,cephalosporin
CTX-M-127,cephalosporin
CTX-M-129,cephalosporin
CTX-M-13,cephalosporin
CTX-M-130,cephalosporin
CTX-M-131,cephalosporin
CTX-M-132,cephalosporin
CTX-M-134,cephalosporin
CTX-M-136,cephalosporin
CTX-M-137,cephalosporin
CTX-M-138,cephalosporin
CTX-M-139,cephalosporin
CTX-M-14,cephalosporin
CTX-M-140,cephalosporin
CTX-M-141,cephalosporin
CTX-M-142,cephalosporin
CTX-M-143,cephalosporin
CTX-M-144,cephalosporin
CTX-M-146,cephalosporin
CTX-M-147,cephalosporin
CTX-M-148,cephalosporin
CTX-M-15,cephalosporin;penem
CTX-M-150,cephalosporin
CTX-M-151,cephalosporin
CTX-M-152,cephalosporin
CTX-M-153,cephalosporin
CTX-M-154,cephalosporin
CTX-M-155,cephalosporin
CTX-M-156,cephalosporin
CTX-M-157,cephalosporin
CTX-M-158,cephalosporin
CTX-M-159,cephalosporin
CTX-M-16,cephalosporin
CTX-M-160,cephalosporin
CTX-M-161,cephalosporin
CTX-M-162,cephalosporin
CTX-M-163,cephalosporin
CTX-M-164,cephalosporin
CTX-M-165,cephalosporin
CTX-M-166,cephalosporin
CTX-M-167,cephalosporin
CTX-M-168,cephalosporin
CTX-M-169,cephalosporin
CTX-M-17,cephalosporin
CTX-M-170,cephalosporin
CTX-M-171,cephalosporin
CTX-M-172,cephalosporin
CTX-M-173,cephalosporin
CTX-M-174,cephalosporin
CTX-M-175,cephalosporin
CTX-M-176,cephalosporin
CTX-M-177,cephalosporin
CTX-M-178,cephalosporin
CTX-M-179,cephalosporin
CTX-M-180,cephalosporin
CTX-M-181,cephalosporin
CTX-M-182,cephalosporin
CTX-M-183,cephalosporin
CTX-M-184,cephalosporin
CTX-M-185,cephalosporin
CTX-M-186,cephalosporin
CTX-M-187,cephalosporin
CTX-M-188,cephalosporin
CTX-M-189,cephalosporin
CTX-M-19,cephalosporin
CTX-M-190,cephalosporin
CTX-M-191,cephalosporin
CTX-M-192,cephalosporin
CTX-M-193,cephalosporin
CTX-M-194,cephalosporin
CTX-M-195,cephalosporin
CTX-M-196,cephalosporin
CTX-M-197,cephalosporin
CTX-M-198,cephalosporin
CTX-M-199,cephalosporin
CTX-M-2,cephalosporin
CTX-M-20,cephalosporin
CTX-M-200,cephalosporin
CTX-M-201,cephalosporin
CTX-M-202,cephalosporin
CTX-M-203,cephalosporin
CTX-M-204,cephalosporin
CTX-M-205,cephalosporin
CTX-M-206,cephalosporin
CTX-M-207,cephalosporin
CTX-M-208,cephalosporin
CTX-M-209,cephalosporin
CTX-M-21,cephalosporin
CTX-M-210,cephalosporin
CTX-M-211,cephalosporin
CTX-M-212,cephalosporin
CTX-M-213,cephalosporin
CTX-M-214,cephalosporin
CTX-M-215,cephalosporin
CTX-M-216,cephalosporin
CTX-M-217,cephalosporin
CTX-M-218,cephalosporin
CTX-M-219,cephalosporin
CTX-M-22,cephalosporin
CTX-M-220,cephalosporin
CTX-M-221,cephalosporin
CTX-M-222,cephalosporin
CTX-M-223,cephalosporin
CTX-M-224,cephalosporin
CTX-M-225,cephalosporin
CTX-M-226,cephalosporin
CTX-M-227,cephalosporin
CTX-M-228,cephalosporin
CTX-M-229,cephalosporin
CTX-M-23,cephalosporin
CTX-M-230,cephalosporin
CTX-M-231,cephalosporin
CTX-M-232,cephalosporin
CTX-M-233,cephalosporin
CTX-M-234,cephalosporin
CTX-M-235,cephalosporin
CTX-M-236,cephalosporin
CTX-M-237,cephalosporin
CTX-M-238,cephalosporin
CTX-M-239,cephalosporin
CTX-M-24,cephalosporin
CTX-M-240,cephalosporin
CTX-M-241,cephalosporin
CTX-M-242,cephalosporin
CTX-M-244,cephalosporin
CTX-M-25,cephalosporin
CTX-M-26,cephalosporin
CTX-M-27,carbapenem;cephalosporin;penem
CTX-M-28,cephalosporin
CTX-M-29,cephalosporin
CTX-M-3,cephalosporin;cephamycin;penem
CTX-M-30,cephalosporin
CTX-M-31,cephalosporin
CTX-M-32,cephalosporin
CTX-M-33,cephalosporin
CTX-M-34,cephalosporin
CTX-M-35,cephalosporin
CTX-M-36,cephalosporin
CTX-M-37,cephalosporin
CTX-M-38,cephalosporin
CTX-M-39,cephalosporin
CTX-M-4,cephalosporin
CTX-M-40,cephalosporin
CTX-M-41,cephalosporin
CTX-M-42,cephalosporin
CTX-M-43,cephalosporin
CTX-M-44,cephalosporin
CTX-M-45,cephalosporin
CTX-M-46,cephalosporin
CTX-M-47,cephalosporin
CTX-M-48,cephalosporin
CTX-M-49,cephalosporin
CTX-M-5,cephalosporin
CTX-M-50,cephalosporin
CTX-M-51,cephalosporin
CTX-M-52,cephalosporin
CTX-M-53,cephalosporin
CTX-M-54,cephalosporin
CTX-M-55,cephalosporin
CTX-M-56,cephalosporin
CTX-M-58,cephalosporin
CTX-M-59,cephalosporin
CTX-M-6,cephalosporin
CTX-M-60,cephalosporin
CTX-M-61,cephalosporin
CTX-M-62,cephalosporin
CTX-M-63,cephalosporin
CTX-M-64,cephalosporin
CTX-M-65,cephalosporin
CTX-M-66,cephalosporin
CTX-M-67,cephalosporin
CTX-M-68,cephalosporin
CTX-M-69,cephalosporin
CTX-M-7,cephalosporin
CTX-M-71,cephalosporin
CTX-M-72,cephalosporin
CTX-M-73,cephalosporin
CTX-M-74,cephalosporin
CTX-M-75,cephalosporin
CTX-M-76,cephalosporin
CTX-M-77,cephalosporin
CTX-M-78,cephalosporin
CTX-M-79,cephalosporin
CTX-M-8,cephalosporin
CTX-M-80,cephalosporin
CTX-M-81,cephalosporin
CTX-M-82,cephalosporin
CTX-M-83,cephalosporin
CTX-M-84,cephalosporin
CTX-M-85,cephalosporin
CTX-M-86,cephalosporin
CTX-M-87,cephalosporin
CTX-M-88,cephalosporin
CTX-M-89,cephalosporin
CTX-M-9,cephalosporin
CTX-M-90,cephalosporin
CTX-M-91,cephalosporin
CTX-M-92,cephalosporin
CTX-M-93,cephalosporin
CTX-M-94,cephalosporin
CTX-M-95,cephalosporin
CTX-M-96,cephalosporin
CTX-M-97,cephalosporin
CTX-M-98,cephalosporin
CTX-M-99,cephalosporin
CVI-1,carbapenem
Ddl,glycopeptide antibiotic
DES-1,penem
dfr22,diaminopyrimidine antibiotic
dfrA1,diaminopyrimidine antibiotic
dfrA10,diaminopyrimidine antibiotic
dfrA12,diaminopyrimidine antibiotic
dfrA13,diaminopyrimidine antibiotic
dfrA14,diaminopyrimidine antibiotic
dfrA15,diaminopyrimidine antibiotic
dfrA15b,diaminopyrimidine antibiotic
dfrA16,diaminopyrimidine antibiotic
dfrA17,diaminopyrimidine antibiotic
dfrA18,diaminopyrimidine antibiotic
dfrA19,diaminopyrimidine antibiotic
dfrA20,diaminopyrimidine antibiotic
dfrA21,diaminopyrimidine antibiotic
dfrA22,diaminopyrimidine antibiotic
dfrA23,diaminopyrimidine antibiotic
dfrA24,diaminopyrimidine antibiotic
dfrA25,diaminopyrimidine antibiotic
dfrA26,diaminopyrimidine antibiotic
dfrA27,diaminopyrimidine antibiotic
dfrA28,diaminopyrimidine antibiotic
dfrA29,diaminopyrimidine antibiotic
dfrA3,diaminopyrimidine antibiotic
dfrA30,diaminopyrimidine antibiotic
dfrA31,diaminopyrimidine antibiotic
dfrA32,diaminopyrimidine antibiotic
DfrA34,diaminopyrimidine antibiotic
dfrA35,diaminopyrimidine antibiotic
DfrA36,diaminopyrimidine antibiotic
DfrA37,diaminopyrimidine antibiotic
DfrA38,diaminopyrimidine antibiotic
DfrA39,diaminopyrimidine antibiotic
dfrA3b,diaminopyrimidine antibiotic
DfrA42_TMP,diaminopyrimidine antibiotic
DfrA43_TMP,diaminopyrimidine antibiotic
dfrA5,diaminopyrimidine antibiotic
dfrA6,diaminopyrimidine antibiotic
dfrA7,diaminopyrimidine antibiotic
dfrA8,diaminopyrimidine antibiotic
dfrA9,diaminopyrimidine antibiotic
dfrB1,diaminopyrimidine antibiotic
dfrB10,diaminopyrimidine antibiotic
dfrB11,diaminopyrimidine antibiotic
dfrB2,diaminopyrimidine antibiotic
dfrB3,diaminopyrimidine antibiotic
dfrB4,diaminopyrimidine antibiotic
dfrB5,diaminopyrimidine antibiotic
dfrB6,diaminopyrimidine antibiotic
dfrB7,diaminopyrimidine antibiotic
DfrB9,diaminopyrimidine antibiotic
dfrC,diaminopyrimidine antibiotic
dfrD,diaminopyrimidine antibiotic
dfrE,diaminopyrimidine antibiotic
dfrF,diaminopyrimidine antibiotic
dfrG,diaminopyrimidine antibiotic
dfrI,diaminopyrimidine antibiotic
dfrK,diaminopyrimidine antibiotic
dfrL,aminoglycoside antibiotic;diaminopyrimidine antibiotic;tetracycline antibiotic
DHA-1,cephalosporin;cephamycin
DHA-10,cephalosporin;cephamycin
DHA-12,cephalosporin;cephamycin
DHA-13,cephalosporin;cephamycin
DHA-14,cephalosporin;cephamycin
DHA-15,cephalosporin;cephamycin
DHA-16,cephalosporin;cephamycin
DHA-17,cephalosporin;cephamycin
DHA-18,cephalosporin;cephamycin
DHA-19,cephalosporin;cephamycin
DHA-2,cephalosporin;cephamycin
DHA-20,cephalosporin;cephamycin
DHA-21,cephalosporin;cephamycin
DHA-22,cephalosporin;cephamycin
DHA-23,cephalosporin;cephamycin
DHA-24,cephalosporin;cephamycin
DHA-25,cephalosporin;cephamycin
DHA-26,cephalosporin;cephamycin
DHA-27,cephalosporin;cephamycin
DHA-28,cephalosporin;cephamycin
DHA-29,cephalosporin;cephamycin
DHA-3,cephalosporin;cephamycin
DHA-4,cephalosporin;cephamycin
DHA-5,cephalosporin;cephamycin
DHA-6,cephalosporin;cephamycin
DHA-7,cephalosporin;cephamycin
DHA-9,cephalosporin;cephamycin
DHT2-1,carbapenem
DIM-1,carbapenem;cephalosporin
DnaA,rifamycin antibiotic
EAM-1,carbapenem
eatAv,pleuromutilin antibiotic
EBR-1,carbapenem;cephalosporin;penem
EBR-2,carbapenem;cephalosporin;penem
EBR-3,carbapenem;cephalosporin;penem
EBR-4,carbapenem;cephalosporin;penem
EBR-5,carbapenem;cephalosporin;penem
EC-13,cephalosporin
EC-14,cephalosporin
EC-15,cephalosporin
EC-16,cephalosporin
EC-18,cephalosporin
EC-19,cephalosporin
EC-5,cephalosporin
EC-8,cephalosporin
Eclo_acrA,cephalosporin;disinfecting agents and antiseptics;fluoroquinolone antibiotic;glycylcycline;penem;phenicol antibiotic;rifamycin antibiotic;tetracycline antibiotic
Eclo_rob,cephalosporin;disinfecting agents and antiseptics;fluoroquinolone antibiotic;glycylcycline;macrolide antibiotic;penem;phenicol antibiotic;rifamycin antibiotic;tetracycline antibiotic
ECM-1,carbapenem
Ecol_16rrsB_KAN,aminoglycoside antibiotic;glycopeptide antibiotic;glycylcycline;nucleoside antibiotic;peptide antibiotic;tetracycline antibiotic
Ecol_16rrsB_NEO,aminoglycoside antibiotic;glycopeptide antibiotic;glycylcycline;nucleoside antibiotic;peptide antibiotic;tetracycline antibiotic
Ecol_16rrsB_PAR,aminoglycoside antibiotic;glycopeptide antibiotic;glycylcycline;nucleoside antibiotic;peptide antibiotic;tetracycline antibiotic
Ecol_16rrsB_SPT,aminoglycoside antibiotic;glycopeptide antibiotic;glycylcycline;nucleoside antibiotic;peptide antibiotic;tetracycline antibiotic
Ecol_16rrsB_STR,aminoglycoside antibiotic;glycopeptide antibiotic;glycylcycline;nucleoside antibiotic;peptide antibiotic;tetracycline antibiotic
Ecol_16rrsB_TET,aminoglycoside antibiotic;glycopeptide antibiotic;glycylcycline;nucleoside antibiotic;peptide antibiotic;tetracycline antibiotic
Ecol_16rrsB_TOB,aminoglycoside antibiotic;glycopeptide antibiotic;glycylcycline;nucleoside antibiotic;peptide antibiotic;tetracycline antibiotic
Ecol_16rrsC_KAS,aminoglycoside antibiotic;glycopeptide antibiotic;glycylcycline;nucleoside antibiotic;peptide antibiotic;tetracycline antibiotic
Ecol_16rrsH_SPT,aminoglycoside antibiotic;glycopeptide antibiotic;glycylcycline;nucleoside antibiotic;peptide antibiotic;tetracycline antibiotic
Ecol_16S_EDN,aminoglycoside antibiotic;glycopeptide antibiotic;glycylcycline;nucleoside antibiotic;peptide antibiotic;tetracycline antibiotic
Ecol_16S_G418,aminoglycoside antibiotic;glycopeptide antibiotic;glycylcycline;nucleoside antibiotic;peptide antibiotic;tetracycline antibiotic
Ecol_16S_GENC,aminoglycoside antibiotic;glycopeptide antibiotic;glycylcycline;nucleoside antibiotic;peptide antibiotic;tetracycline antibiotic
Ecol_16S_SPT,aminoglycoside antibiotic;glycopeptide antibiotic;glycylcycline;nucleoside antibiotic;peptide antibiotic;tetracycline antibiotic
Ecol_16S_STR,aminoglycoside antibiotic;glycopeptide antibiotic;glycylcycline;nucleoside antibiotic;peptide antibiotic;tetracycline antibiotic
Ecol_16S_TET,aminoglycoside antibiotic;glycopeptide antibiotic;glycylcycline;nucleoside antibiotic;peptide antibiotic;tetracycline antibiotic
Ecol_23S_CHL,glycopeptide antibiotic;lincosamide antibiotic;macrolide antibiotic;phenicol antibiotic;pleuromutilin antibiotic;streptogramin A antibiotic;streptogramin B antibiotic;streptogramin antibiotic
Ecol_23S_CLI,glycopeptide antibiotic;lincosamide antibiotic;macrolide antibiotic;phenicol antibiotic;pleuromutilin antibiotic;streptogramin A antibiotic;streptogramin B antibiotic;streptogramin antibiotic
Ecol_23S_CLR,glycopeptide antibiotic;lincosamide antibiotic;macrolide antibiotic;phenicol antibiotic;pleuromutilin antibiotic;streptogramin A antibiotic;streptogramin B antibiotic;streptogramin antibiotic
Ecol_23S_MULT,glycopeptide antibiotic;lincosamide antibiotic;macrolide antibiotic;phenicol antibiotic;pleuromutilin antibiotic;streptogramin A antibiotic;streptogramin B antibiotic;streptogramin antibiotic
Ecol_23S_OXZ,glycopeptide antibiotic;lincosamide antibiotic;macrolide antibiotic;oxazolidinone antibiotic;phenicol antibiotic;pleuromutilin antibiotic;streptogramin A antibiotic;streptogramin B antibiotic;streptogramin antibiotic
Ecol_acrA,cephalosporin;disinfecting agents and antiseptics;fluoroquinolone antibiotic;glycylcycline;penem;phenicol antibiotic;rifamycin antibiotic;tetracycline antibiotic
Ecol_AcrR_MULT,cephalosporin;disinfecting agents and antiseptics;fluoroquinolone antibiotic;glycylcycline;penem;phenicol antibiotic;rifamycin antibiotic;tetracycline antibiotic
Ecol_ampC_BLA,cephalosporin;penem
Ecol_catII,phenicol antibiotic
Ecol_CpxR,aminocoumarin antibiotic;aminoglycoside antibiotic;carbapenem;cephalosporin;cephamycin;diaminopyrimidine antibiotic;fluoroquinolone antibiotic;macrolide antibiotic;monobactam;penem;penem;peptide antibiotic;phenicol antibiotic;sulfonamide antibiotic;tetracycline antibiotic
Ecol_cyaA_FOF,phosphonic acid antibiotic
Ecol_cyaA_FOF,phosphonic acid antibiotic
Ecol_EFTu_ENC,elfamycin antibiotic
Ecol_EFTu_KIR,elfamycin antibiotic
Ecol_EFTu_PLV,elfamycin antibiotic
Ecol_emrE,macrolide antibiotic
Ecol_fabG_TRC,disinfecting agents and antiseptics
Ecol_fabI_MULT,disinfecting agents and antiseptics;isoniazid-like antibiotic
Ecol_folP_SLF,sulfonamide antibiotic;sulfone antibiotic
Ecol_GlpT_FOF,phosphonic acid antibiotic
Ecol_gyrA_FLO,fluoroquinolone antibiotic;nybomycin-like antibiotic
Ecol_gyrA_TRC,disinfecting agents and antiseptics
Ecol_gyrB_AMU,aminocoumarin antibiotic
Ecol_LamB,fluoroquinolone antibiotic;tetracycline antibiotic
Ecol_MarR_MULT,cephalosporin;disinfecting agents and antiseptics;fluoroquinolone antibiotic;glycylcycline;penem;phenicol antibiotic;rifamycin antibiotic;tetracycline antibiotic
Ecol_mdfA,disinfecting agents and antiseptics;tetracycline antibiotic
Ecol_mipA,aminoglycoside antibiotic;fluoroquinolone antibiotic
Ecol_murA_FOF,phosphonic acid antibiotic
Ecol_nfsA_NIT,nitrofuran antibiotic
Ecol_nfsB_NIT,nitrofuran antibiotic
Ecol_ompF_BLA,carbapenem;cephalosporin;cephamycin;monobactam;penem;penem
Ecol_parC_FLO,fluoroquinolone antibiotic
Ecol_parE_FLO,fluoroquinolone antibiotic
Ecol_PBP3_BLA,carbapenem;cephalosporin;cephamycin;monobactam;penem
Ecol_PtsI_FOF,phosphonic acid antibiotic
Ecol_rob,cephalosporin;disinfecting agents and antiseptics;fluoroquinolone antibiotic;glycylcycline;penem;phenicol antibiotic;rifamycin antibiotic;tetracycline antibiotic
Ecol_rpoB_RIF,peptide antibiotic;rifamycin antibiotic
Ecol_soxR_MULT,cephalosporin;disinfecting agents and antiseptics;fluoroquinolone antibiotic;glycylcycline;penem;phenicol antibiotic;rifamycin antibiotic;tetracycline antibiotic
Ecol_soxS_MULT,carbapenem;cephalosporin;cephamycin;disinfecting agents and antiseptics;fluoroquinolone antibiotic;glycylcycline;monobactam;penem;penem;phenicol antibiotic;rifamycin antibiotic;tetracycline antibiotic
Ecol_uhpA_FOF,phosphonic acid antibiotic
Ecol_uhpA_FOF,phosphonic acid antibiotic
Ecol_UhpT_FOF,phosphonic acid antibiotic
ECV-1,carbapenem
EdeQ,peptide antibiotic;polyamine antibiotic
Efac_ACT_CHL,phenicol antibiotic
Efac_cls_DAP,peptide antibiotic
Efac_EFTu_GE2A,elfamycin antibiotic
Efac_liaF_DAP,peptide antibiotic
Efac_liaR_DAP,peptide antibiotic
Efac_liaS_DAP,peptide antibiotic
Efae_ACT_CHL,phenicol antibiotic
Efae_cls_DAP,peptide antibiotic
Efae_drmA_DAP,peptide antibiotic
Efae_gdpD_DAP,peptide antibiotic
Efae_gshF_DAP,peptide antibiotic
Efae_liaF_DAP,peptide antibiotic
Efae_liaR_DAP,peptide antibiotic
Efae_liaS_DAP,peptide antibiotic
Efae_YvlB_DAP,peptide antibiotic
Efae_YybT_DAP,peptide antibiotic
EFM-1,carbapenem
efmA,fluoroquinolone antibiotic;macrolide antibiotic
efpA,isoniazid-like antibiotic;rifamycin antibiotic
efrA,fluoroquinolone antibiotic;macrolide antibiotic;rifamycin antibiotic
efrB,fluoroquinolone antibiotic;macrolide antibiotic;rifamycin antibiotic
ELM-1,carbapenem
emeA,disinfecting agents and antiseptics
emrA,fluoroquinolone antibiotic
emrB,fluoroquinolone antibiotic
emrD,disinfecting agents and antiseptics;phenicol antibiotic
emrK,tetracycline antibiotic
emrR,fluoroquinolone antibiotic
emrY,tetracycline antibiotic
emtA,lincosamide antibiotic;macrolide antibiotic;orthosomycin antibiotic
eptA,peptide antibiotic
eptB,peptide antibiotic
EreA,macrolide antibiotic
EreA2,macrolide antibiotic
EreB,macrolide antibiotic
EreD,macrolide antibiotic
Erhu_gyrA_ENR,fluoroquinolone antibiotic;nybomycin-like antibiotic
Erm(30),lincosamide antibiotic;macrolide antibiotic;streptogramin antibiotic
Erm(31),lincosamide antibiotic;macrolide antibiotic;streptogramin antibiotic
erm(32),lincosamide antibiotic;macrolide antibiotic;streptogramin antibiotic
Erm(33),lincosamide antibiotic;macrolide antibiotic;streptogramin A antibiotic;streptogramin B antibiotic;streptogramin antibiotic
Erm(34),lincosamide antibiotic;macrolide antibiotic;streptogramin A antibiotic;streptogramin B antibiotic;streptogramin antibiotic
Erm(35),lincosamide antibiotic;macrolide antibiotic;streptogramin A antibiotic;streptogramin B antibiotic;streptogramin antibiotic
Erm(36),lincosamide antibiotic;macrolide antibiotic;streptogramin A antibiotic;streptogramin B antibiotic;streptogramin antibiotic
Erm(37),lincosamide antibiotic;macrolide antibiotic;streptogramin A antibiotic;streptogramin B antibiotic;streptogramin antibiotic
Erm(38),lincosamide antibiotic;macrolide antibiotic;streptogramin A antibiotic;streptogramin B antibiotic;streptogramin antibiotic
Erm(39),lincosamide antibiotic;macrolide antibiotic;streptogramin A antibiotic;streptogramin B antibiotic;streptogramin antibiotic
erm(40),lincosamide antibiotic;macrolide antibiotic;streptogramin antibiotic
Erm(41),lincosamide antibiotic;macrolide antibiotic;streptogramin A antibiotic;streptogramin B antibiotic;streptogramin antibiotic
Erm(42),lincosamide antibiotic;macrolide antibiotic;streptogramin antibiotic
Erm(43),lincosamide antibiotic;macrolide antibiotic;streptogramin B antibiotic;streptogramin antibiotic
Erm(44)v,lincosamide antibiotic;macrolide antibiotic;streptogramin antibiotic
erm(45),lincosamide antibiotic;macrolide antibiotic;streptogramin B antibiotic;streptogramin antibiotic
erm(46),lincosamide antibiotic;macrolide antibiotic;streptogramin antibiotic
Erm(47),lincosamide antibiotic;macrolide antibiotic;streptogramin B antibiotic;streptogramin antibiotic
Erm(48),lincosamide antibiotic;macrolide antibiotic;streptogramin B antibiotic;streptogramin antibiotic
Erm(49),lincosamide antibiotic;macrolide antibiotic;streptogramin antibiotic
Erm(50),lincosamide antibiotic;macrolide antibiotic;streptogramin antibiotic
Erm(51),lincosamide antibiotic;macrolide antibiotic;streptogramin B antibiotic;streptogramin antibiotic
Erm(52),lincosamide antibiotic;macrolide antibiotic;streptogramin antibiotic
erm(56),lincosamide antibiotic;macrolide antibiotic;streptogramin B antibiotic;streptogramin antibiotic
Erm(K),lincosamide antibiotic;macrolide antibiotic;streptogramin antibiotic
Erm(O)-lrm,lincosamide antibiotic;macrolide antibiotic;streptogramin antibiotic
ErmA,lincosamide antibiotic;macrolide antibiotic;streptogramin A antibiotic;streptogramin B antibiotic;streptogramin antibiotic
ErmB,lincosamide antibiotic;macrolide antibiotic;streptogramin A antibiotic;streptogramin B antibiotic;streptogramin antibiotic
ErmC,lincosamide antibiotic;macrolide antibiotic;streptogramin A antibiotic;streptogramin B antibiotic;streptogramin antibiotic
ErmD,lincosamide antibiotic;macrolide antibiotic;streptogramin A antibiotic;streptogramin B antibiotic;streptogramin antibiotic
ErmE,lincosamide antibiotic;macrolide antibiotic;streptogramin A antibiotic;streptogramin B antibiotic;streptogramin antibiotic
ErmF,lincosamide antibiotic;macrolide antibiotic;streptogramin A antibiotic;streptogramin B antibiotic;streptogramin antibiotic
ErmG,lincosamide antibiotic;macrolide antibiotic;streptogramin A antibiotic;streptogramin B antibiotic;streptogramin antibiotic
ErmH,lincosamide antibiotic;macrolide antibiotic;streptogramin B antibiotic;streptogramin antibiotic
ErmN,lincosamide antibiotic;macrolide antibiotic;streptogramin A antibiotic;streptogramin B antibiotic;streptogramin antibiotic
ErmO-srmA,lincosamide antibiotic;macrolide antibiotic;streptogramin antibiotic
ErmQ,lincosamide antibiotic;macrolide antibiotic;streptogramin A antibiotic;streptogramin B antibiotic;streptogramin antibiotic
ErmR,lincosamide antibiotic;macrolide antibiotic;streptogramin A antibiotic;streptogramin B antibiotic;streptogramin antibiotic
ErmS,lincosamide antibiotic;macrolide antibiotic;streptogramin B antibiotic;streptogramin antibiotic
ErmT,lincosamide antibiotic;macrolide antibiotic;streptogramin A antibiotic;streptogramin B antibiotic;streptogramin antibiotic
ErmU,lincosamide antibiotic;macrolide antibiotic;streptogramin antibiotic
ErmV,lincosamide antibiotic;macrolide antibiotic;streptogramin antibiotic
ErmW,lincosamide antibiotic;macrolide antibiotic;streptogramin antibiotic
ErmX,lincosamide antibiotic;macrolide antibiotic;streptogramin A antibiotic;streptogramin B antibiotic;streptogramin antibiotic
ErmY,lincosamide antibiotic;macrolide antibiotic;streptogramin antibiotic
ermZ,lincosamide antibiotic;macrolide antibiotic;streptogramin antibiotic
ERP-1,penem
ESP-1,carbapenem
EstT,glycylcycline;macrolide antibiotic;tetracycline antibiotic
evgA,fluoroquinolone antibiotic;macrolide antibiotic;penem;tetracycline antibiotic
evgS,fluoroquinolone antibiotic;macrolide antibiotic;penem;tetracycline antibiotic
EVM-1,carbapenem
EXO-1,penem
facT,elfamycin antibiotic
FAR-1,penem
farA,antibacterial free fatty acids
farB,antibacterial free fatty acids
fexA,phenicol antibiotic
fexB,phenicol antibiotic
FEZ-1,carbapenem;cephalosporin;penem
FIA-1,carbapenem
FIM-1,carbapenem;cephalosporin
FLC-1,penem
floR,phenicol antibiotic
FomA,phosphonic acid antibiotic
FomB,phosphonic acid antibiotic
FONA-1,penem
FONA-2,penem
FONA-3,penem
FONA-4,penem
FONA-5,penem
FONA-6,penem
FosA,phosphonic acid antibiotic
FosA2,phosphonic acid antibiotic
FosA3,phosphonic acid antibiotic
FosA4,phosphonic acid antibiotic
fosA5,aminoglycoside antibiotic;fluoroquinolone antibiotic;phosphonic acid antibiotic
FosA6,phosphonic acid antibiotic
FosA7,phosphonic acid antibiotic
FosA7.5,phosphonic acid antibiotic
FosA8,phosphonic acid antibiotic
FosB,phosphonic acid antibiotic
FosB1,phosphonic acid antibiotic
FosB2,phosphonic acid antibiotic
FosB3,phosphonic acid antibiotic
FosB4,phosphonic acid antibiotic
FosB5,phosphonic acid antibiotic
FosB6,phosphonic acid antibiotic
FosBx1,phosphonic acid antibiotic
FosC,phosphonic acid antibiotic
FosC2,phosphonic acid antibiotic
FosD,phosphonic acid antibiotic
FosG,phosphonic acid antibiotic
FosH,phosphonic acid antibiotic
FosI,phosphonic acid antibiotic
FosK,phosphonic acid antibiotic
FosL1,phosphonic acid antibiotic
FosM1,phosphonic acid antibiotic
FosM2,phosphonic acid antibiotic
FosM3,phosphonic acid antibiotic
FosX,phosphonic acid antibiotic
FosXCC,phosphonic acid antibiotic
FosY,phosphonic acid antibiotic
FOX-1,cephalosporin;cephamycin
FOX-10,cephalosporin;cephamycin
FOX-12,cephalosporin;cephamycin
FOX-13,cephalosporin;cephamycin
FOX-14,cephalosporin;cephamycin
FOX-15,cephalosporin;cephamycin
FOX-16,cephalosporin;cephamycin
FOX-17,cephalosporin;cephamycin
FOX-2,cephalosporin;cephamycin
FOX-3,cephalosporin;cephamycin
FOX-4,cephalosporin;cephamycin
FOX-5,cephalosporin;cephamycin
FOX-7,cephalosporin;cephamycin
FOX-8,cephalosporin;cephamycin
FOX-9,cephalosporin;cephamycin
FPH-1,penem
FRI-1,penem
FRI-10,penem
FRI-11,carbapenem;penem
FRI-2,penem
FRI-3,penem
FRI-4,penem
FRI-5,penem
FRI-6,penem
FRI-7,penem
FRI-8,penem
FRI-9,penem
FTU-1,penem
fusB,fusidane antibiotic
fusC,fusidane antibiotic
fusD,fusidane antibiotic
FusF,fusidane antibiotic
fusH,fusidane antibiotic
gadW,fluoroquinolone antibiotic;macrolide antibiotic;penem
gadX,fluoroquinolone antibiotic;macrolide antibiotic;penem
GES-1,carbapenem;cephalosporin;penem
GES-10,carbapenem;cephalosporin;penem
GES-11,carbapenem;cephalosporin;penem
GES-12,carbapenem;cephalosporin;penem
GES-13,carbapenem;cephalosporin;penem
GES-14,carbapenem;cephalosporin;penem
GES-15,carbapenem;cephalosporin;penem
GES-16,carbapenem;cephalosporin;penem
GES-17,carbapenem;cephalosporin;penem
GES-18,carbapenem;cephalosporin;penem
GES-19,carbapenem;cephalosporin;penem
GES-2,carbapenem;cephalosporin;penem
GES-20,carbapenem;cephalosporin;penem
GES-21,carbapenem;cephalosporin;penem
GES-22,carbapenem;cephalosporin;penem
GES-23,carbapenem;cephalosporin;penem
GES-24,carbapenem;cephalosporin;penem
GES-25,carbapenem;cephalosporin;penem
GES-26,carbapenem;cephalosporin;penem
GES-27,carbapenem;cephalosporin;penem
GES-28,carbapenem;cephalosporin;penem
GES-29,carbapenem;cephalosporin;penem
GES-3,carbapenem;cephalosporin;penem
GES-30,carbapenem;cephalosporin;penem
GES-31,carbapenem;cephalosporin;penem
GES-32,carbapenem;cephalosporin;penem
GES-33,carbapenem;cephalosporin;penem
GES-34,carbapenem;cephalosporin;penem
GES-35,carbapenem;cephalosporin;penem
GES-36,carbapenem;cephalosporin;penem
GES-37,carbapenem;cephalosporin;penem
GES-38,carbapenem;cephalosporin;penem
GES-39,carbapenem;cephalosporin;penem
GES-4,carbapenem;cephalosporin;penem
GES-40,carbapenem;cephalosporin;penem
GES-41,carbapenem;cephalosporin;penem
GES-42,carbapenem;cephalosporin;penem
GES-43,carbapenem;cephalosporin;penem
GES-44,carbapenem;cephalosporin;penem
GES-45,carbapenem;cephalosporin;penem
GES-46,carbapenem;cephalosporin;penem
GES-5,carbapenem;cephalosporin;penem
GES-6,carbapenem;cephalosporin;penem
GES-7,carbapenem;cephalosporin;penem
GES-8,carbapenem;cephalosporin;penem
GES-9,carbapenem;cephalosporin;penem
GIL-1,carbapenem;cephalosporin
GIM-1,carbapenem;cephalosporin;cephamycin;monobactam;penem;penem
GIM-2,carbapenem;cephalosporin;cephamycin;monobactam;penem;penem
gimA,macrolide antibiotic
GMB-1,carbapenem
GOB-1,carbapenem;cephalosporin;penem
GOB-10,carbapenem;cephalosporin;penem
GOB-11,carbapenem;cephalosporin;penem
GOB-12,carbapenem;cephalosporin;penem
GOB-13,carbapenem;cephalosporin;penem
GOB-14,carbapenem;cephalosporin;penem
GOB-15,carbapenem;cephalosporin;penem
GOB-16,carbapenem;cephalosporin;penem
GOB-18,carbapenem;cephalosporin;penem
GOB-19,carbapenem;cephalosporin;penem
GOB-2,carbapenem;cephalosporin;penem
GOB-20,carbapenem;cephalosporin;penem
GOB-21,carbapenem;cephalosporin;penem
GOB-22,carbapenem;cephalosporin;penem
GOB-23,carbapenem;cephalosporin;penem
GOB-24,carbapenem;cephalosporin;penem
GOB-25,carbapenem;cephalosporin;penem
GOB-26,carbapenem;cephalosporin;penem
GOB-27,carbapenem;cephalosporin;penem
GOB-28,carbapenem;cephalosporin;penem
GOB-29,carbapenem;cephalosporin;penem
GOB-3,carbapenem;cephalosporin;penem
GOB-30,carbapenem;cephalosporin;penem
GOB-31,carbapenem;cephalosporin;penem
GOB-32,carbapenem;cephalosporin;penem
GOB-33,carbapenem;cephalosporin;penem
GOB-34,carbapenem;cephalosporin;penem
GOB-35,carbapenem;cephalosporin;penem
GOB-36,carbapenem;cephalosporin;penem
GOB-37,carbapenem;cephalosporin;penem
GOB-38,carbapenem;cephalosporin;penem
GOB-39,carbapenem;cephalosporin;penem
GOB-4,carbapenem;cephalosporin;penem
GOB-40,carbapenem;cephalosporin;penem
GOB-41,carbapenem;cephalosporin;penem
GOB-42,carbapenem;cephalosporin;penem
GOB-43,carbapenem;cephalosporin;penem
GOB-44,carbapenem;cephalosporin;penem
GOB-45,carbapenem;cephalosporin;penem
GOB-46,carbapenem;cephalosporin;penem
GOB-48,carbapenem;cephalosporin;penem
GOB-49,carbapenem;cephalosporin;penem
GOB-5,carbapenem;cephalosporin;penem
GOB-50,carbapenem;cephalosporin;penem
GOB-51,carbapenem;cephalosporin;penem
GOB-6,carbapenem;cephalosporin;penem
GOB-7,carbapenem;cephalosporin;penem
GOB-8,carbapenem;cephalosporin;penem
GOB-9,carbapenem;cephalosporin;penem
golS,carbapenem;cephalosporin;cephamycin;monobactam;penem;penem;phenicol antibiotic
GPC-1,carbapenem
GRD23-1,carbapenem
GRD33-1,carbapenem
H-NS,cephalosporin;cephamycin;fluoroquinolone antibiotic;macrolide antibiotic;penem;tetracycline antibiotic
HelR,rifamycin antibiotic
HERA-1,penem
HERA-2,penem
HERA-3,penem
HERA-4,penem
HERA-5,penem
HERA-6,penem
HERA-8,penem
Hhal_23S_CHL,glycopeptide antibiotic;lincosamide antibiotic;macrolide antibiotic;phenicol antibiotic;pleuromutilin antibiotic;streptogramin A antibiotic;streptogramin B antibiotic;streptogramin antibiotic
Hinf_PBP3_BLA,carbapenem;cephalosporin;cephamycin;monobactam;penem
HMB-1,carbapenem
hmrM,disinfecting agents and antiseptics;fluoroquinolone antibiotic
hp1181,fluoroquinolone antibiotic;nitroimidazole antibiotic;tetracycline antibiotic
hp1184,fluoroquinolone antibiotic;macrolide antibiotic;nitroimidazole antibiotic;tetracycline antibiotic
Hpin_gyrA_FLO,fluoroquinolone antibiotic;nybomycin-like antibiotic
Hpin_parC_FLO,fluoroquinolone antibiotic
Hpyl_16S_TET,aminoglycoside antibiotic;glycopeptide antibiotic;glycylcycline;nucleoside antibiotic;peptide antibiotic;tetracycline antibiotic
Hpyl_23S_CLR,glycopeptide antibiotic;lincosamide antibiotic;macrolide antibiotic;phenicol antibiotic;pleuromutilin antibiotic;streptogramin A antibiotic;streptogramin B antibiotic;streptogramin antibiotic
Hpyl_fxrA_MTZ,nitroimidazole antibiotic
Hpyl_gyrA_FLO,fluoroquinolone antibiotic;nybomycin-like antibiotic
Hpyl_gyrB_FLO,aminocoumarin antibiotic;fluoroquinolone antibiotic
Hpyl_pbp1_AMX,carbapenem;cephalosporin;cephamycin;monobactam;penem
Hpyl_pbp2_AMX,carbapenem;cephalosporin;cephamycin;monobactam;penem
Hpyl_pbp3_AMX,carbapenem;cephalosporin;cephamycin;monobactam;penem
Hpyl_rdxA_MTZ,nitroimidazole antibiotic
Hpyl_rpoB_RIF,fluoroquinolone antibiotic;peptide antibiotic;rifamycin antibiotic
Hsal_16S_PAC,aminoglycoside antibiotic;glycopeptide antibiotic;glycylcycline;nucleoside antibiotic;pactamycin-like antibiotic;peptide antibiotic;tetracycline antibiotic
ICR-Mc,peptide antibiotic
ICR-Mo,peptide antibiotic
IDC-1,carbapenem;cephalosporin
IDC-2,carbapenem;cephalosporin
IMI-1,carbapenem
IMI-12,carbapenem
IMI-13,carbapenem
IMI-14,carbapenem
IMI-15,carbapenem
IMI-16,carbapenem
IMI-17,carbapenem
IMI-18,carbapenem
IMI-19,carbapenem
IMI-2,carbapenem
IMI-20,carbapenem
IMI-21,carbapenem
IMI-3,carbapenem
IMI-4,carbapenem
IMI-5,carbapenem
IMI-6,carbapenem
IMI-7,carbapenem
IMI-8,carbapenem
IMI-9,carbapenem
imiH,carbapenem
imiS,carbapenem
IMP-1,carbapenem;cephalosporin;cephamycin;penem;penem
IMP-10,carbapenem;cephalosporin;cephamycin;penem;penem
IMP-11,carbapenem;cephalosporin;cephamycin;penem;penem
IMP-12,carbapenem;cephalosporin;cephamycin;penem;penem
IMP-13,carbapenem;cephalosporin;cephamycin;penem;penem
IMP-14,carbapenem;cephalosporin;cephamycin;penem;penem
IMP-15,carbapenem;cephalosporin;cephamycin;penem;penem
IMP-16,carbapenem;cephalosporin;cephamycin;penem;penem
IMP-17,carbapenem;cephalosporin;cephamycin;penem;penem
IMP-18,carbapenem;cephalosporin;cephamycin;penem;penem
IMP-19,carbapenem;cephalosporin;cephamycin;penem;penem
IMP-2,carbapenem;cephalosporin;cephamycin;penem;penem
IMP-20,carbapenem;cephalosporin;cephamycin;penem;penem
IMP-21,carbapenem;cephalosporin;cephamycin;penem;penem
IMP-22,carbapenem;cephalosporin;cephamycin;penem;penem
IMP-23,carbapenem;cephalosporin;cephamycin;penem;penem
IMP-24,carbapenem;cephalosporin;cephamycin;penem;penem
IMP-25,carbapenem;cephalosporin;cephamycin;penem;penem
IMP-26,carbapenem;cephalosporin;cephamycin;penem;penem
IMP-27,carbapenem;cephalosporin;cephamycin;penem;penem
IMP-28,carbapenem;cephalosporin;cephamycin;penem;penem
IMP-29,carbapenem;cephalosporin;cephamycin;penem;penem
IMP-3,carbapenem;cephalosporin;cephamycin;penem;penem
IMP-30,carbapenem;cephalosporin;cephamycin;penem;penem
IMP-31,carbapenem;cephalosporin;cephamycin;penem;penem
IMP-32,carbapenem;cephalosporin;cephamycin;penem;penem
IMP-33,carbapenem;cephalosporin;cephamycin;penem;penem
IMP-34,carbapenem;cephalosporin;cephamycin;penem;penem
IMP-35,carbapenem;cephalosporin;cephamycin;penem;penem
IMP-37,carbapenem;cephalosporin;cephamycin;penem;penem
IMP-38,carbapenem;cephalosporin;cephamycin;penem;penem
IMP-39,carbapenem;cephalosporin;cephamycin;penem;penem
IMP-4,carbapenem;cephalosporin;cephamycin;penem;penem
IMP-40,carbapenem;cephalosporin;cephamycin;penem;penem
IMP-41,carbapenem;cephalosporin;cephamycin;penem;penem
IMP-42,carbapenem;cephalosporin;cephamycin;penem;penem
IMP-43,carbapenem;cephalosporin;cephamycin;penem;penem
IMP-44,carbapenem;cephalosporin;cephamycin;penem;penem
IMP-45,carbapenem;cephalosporin;cephamycin;penem;penem
IMP-46,carbapenem;cephalosporin;cephamycin;penem;penem
IMP-48,carbapenem;cephalosporin;cephamycin;penem;penem
IMP-49,carbapenem;cephalosporin;cephamycin;penem;penem
IMP-5,carbapenem;cephalosporin;cephamycin;penem;penem
IMP-51,carbapenem;cephalosporin;cephamycin;penem;penem
IMP-52,carbapenem;cephalosporin;cephamycin;penem;penem
IMP-53,carbapenem;cephalosporin;cephamycin;penem;penem
IMP-54,carbapenem;cephalosporin;cephamycin;penem;penem
IMP-55,carbapenem;cephalosporin;cephamycin;penem;penem
IMP-56,carbapenem;cephalosporin;cephamycin;penem;penem
IMP-58,carbapenem;cephalosporin;cephamycin;penem;penem
IMP-59,carbapenem;cephalosporin;cephamycin;penem;penem
IMP-6,carbapenem;cephalosporin;cephamycin;penem;penem
IMP-60,carbapenem;cephalosporin;cephamycin;penem;penem
IMP-61,carbapenem;cephalosporin;cephamycin;penem;penem
IMP-62,carbapenem;cephalosporin;cephamycin;penem;penem
IMP-63,carbapenem;cephalosporin;cephamycin;penem;penem
IMP-64,carbapenem;cephalosporin;cephamycin;penem;penem
IMP-65,carbapenem;cephalosporin;cephamycin;penem;penem
IMP-66,carbapenem;cephalosporin;cephamycin;penem;penem
IMP-67,carbapenem;cephalosporin;cephamycin;penem;penem
IMP-68,carbapenem;cephalosporin;cephamycin;penem;penem
IMP-69,carbapenem;cephalosporin;cephamycin;penem;penem
IMP-7,carbapenem;cephalosporin;cephamycin;penem;penem
IMP-70,carbapenem;cephalosporin;cephamycin;penem;penem
IMP-71,carbapenem;cephalosporin;cephamycin;penem;penem
IMP-73,carbapenem;cephalosporin;cephamycin;penem;penem
IMP-74,carbapenem;cephalosporin;cephamycin;penem;penem
IMP-75,carbapenem;cephalosporin;cephamycin;penem;penem
IMP-76,carbapenem;cephalosporin;cephamycin;penem;penem
IMP-77,carbapenem;cephalosporin;cephamycin;penem;penem
IMP-78,carbapenem;cephalosporin;cephamycin;penem;penem
IMP-79,carbapenem;cephalosporin;cephamycin;penem;penem
IMP-8,carbapenem;cephalosporin;cephamycin;penem;penem
IMP-80,carbapenem;cephalosporin;cephamycin;penem;penem
IMP-81,carbapenem;cephalosporin;cephamycin;penem;penem
IMP-82,carbapenem;cephalosporin;cephamycin;penem;penem
IMP-83,carbapenem;cephalosporin;cephamycin;penem;penem
IMP-84,carbapenem;cephalosporin;cephamycin;penem;penem
IMP-85,carbapenem;cephalosporin;cephamycin;penem;penem
IMP-88,carbapenem;cephalosporin;cephamycin;penem;penem
IMP-89,carbapenem;cephalosporin;cephamycin;penem;penem
IMP-9,carbapenem;cephalosporin;cephamycin;penem;penem
IMP-91,carbapenem;cephalosporin;cephamycin;penem;penem
IMP-92,carbapenem;cephalosporin;cephamycin;penem;penem
IMP-93,carbapenem;cephalosporin;cephamycin;penem;penem
IMP-94,carbapenem;cephalosporin;cephamycin;penem;penem
IMP-95,carbapenem;cephalosporin;cephamycin;penem;penem
IMP-96,carbapenem;cephalosporin;cephamycin;penem;penem
IND-1,carbapenem
IND-10,carbapenem
IND-11,carbapenem
IND-12,carbapenem
IND-14,carbapenem
IND-15,carbapenem
IND-16,carbapenem
IND-17,carbapenem
IND-2,carbapenem
IND-2a,carbapenem
IND-3,carbapenem
IND-4,carbapenem
IND-5,carbapenem
IND-6,carbapenem
IND-7,carbapenem
IND-8,carbapenem
IND-9,carbapenem
IreK,cephalosporin
iri,rifamycin antibiotic
JOHN-1,carbapenem;cephalosporin;penem
Kaer_acrR_MULT,cephalosporin;disinfecting agents and antiseptics;fluoroquinolone antibiotic;glycylcycline;penem;phenicol antibiotic;rifamycin antibiotic;tetracycline antibiotic
Kaer_Omp36,carbapenem;cephalosporin;cephamycin;monobactam;penem;penem
kamB,aminoglycoside antibiotic
KBL-1,penem
kdpD,aminoglycoside antibiotic
kdpE,aminoglycoside antibiotic
KHM-1,carbapenem;cephalosporin;cephamycin;penem;penem
Kleb_PhoP_CST,macrolide antibiotic;peptide antibiotic
KLUC-1,cephalosporin
KLUC-2,cephalosporin
KLUC-3,cephalosporin
KLUC-4,cephalosporin
KLUC-5,cephalosporin
KPC-10,carbapenem;cephalosporin;monobactam;penem
KPC-100,carbapenem;cephalosporin;monobactam;penem
KPC-11,carbapenem;cephalosporin;monobactam;penem
KPC-12,carbapenem;cephalosporin;monobactam;penem
KPC-123,carbapenem;cephalosporin;monobactam;penem
KPC-125,carbapenem;cephalosporin;monobactam;penem
KPC-13,carbapenem;cephalosporin;monobactam;penem
KPC-14,carbapenem;cephalosporin;monobactam;penem
KPC-15,carbapenem;cephalosporin;monobactam;penem
KPC-16,carbapenem;cephalosporin;monobactam;penem
KPC-17,carbapenem;cephalosporin;monobactam;penem
KPC-18,carbapenem;cephalosporin;monobactam;penem
KPC-19,carbapenem;cephalosporin;monobactam;penem
KPC-2,carbapenem;cephalosporin;monobactam;penem
KPC-21,carbapenem;cephalosporin;monobactam;penem
KPC-22,carbapenem;cephalosporin;monobactam;penem
KPC-23,carbapenem;cephalosporin;monobactam;penem
KPC-24,carbapenem;cephalosporin;monobactam;penem
KPC-25,carbapenem;cephalosporin;monobactam;penem
KPC-26,carbapenem;cephalosporin;monobactam;penem
KPC-27,carbapenem;cephalosporin;monobactam;penem
KPC-28,carbapenem;cephalosporin;monobactam;penem
KPC-29,carbapenem;cephalosporin;monobactam;penem
KPC-3,carbapenem;cephalosporin;monobactam;penem
KPC-30,carbapenem;cephalosporin;monobactam;penem
KPC-31,carbapenem;cephalosporin;monobactam;penem
KPC-32,carbapenem;cephalosporin;monobactam;penem
KPC-33,carbapenem;cephalosporin;monobactam;penem
KPC-34,carbapenem;cephalosporin;monobactam;penem
KPC-35,carbapenem;cephalosporin;monobactam;penem
KPC-36,carbapenem;cephalosporin;monobactam;penem
KPC-37,carbapenem;cephalosporin;monobactam;penem
KPC-38,carbapenem;cephalosporin;monobactam;penem
KPC-39,carbapenem;cephalosporin;monobactam;penem
KPC-4,carbapenem;cephalosporin;monobactam;penem
KPC-40,carbapenem;cephalosporin;monobactam;penem
KPC-41,carbapenem;cephalosporin;monobactam;penem
KPC-42,carbapenem;cephalosporin;monobactam;penem
KPC-43,carbapenem;cephalosporin;monobactam;penem
KPC-44,carbapenem;cephalosporin;monobactam;penem
KPC-45,carbapenem;cephalosporin;monobactam;penem
KPC-46,carbapenem;cephalosporin;monobactam;penem
KPC-49,carbapenem;cephalosporin;monobactam;penem
KPC-5,carbapenem;cephalosporin;monobactam;penem
KPC-50,carbapenem;cephalosporin;monobactam;penem
KPC-51,carbapenem;cephalosporin;monobactam;penem
KPC-52,carbapenem;cephalosporin;monobactam;penem
KPC-54,carbapenem;cephalosporin;monobactam;penem
KPC-55,carbapenem;cephalosporin;monobactam;penem
KPC-56,carbapenem;cephalosporin;monobactam;penem
KPC-57,carbapenem;cephalosporin;monobactam;penem
KPC-58,carbapenem;cephalosporin;monobactam;penem
KPC-59,carbapenem;cephalosporin;monobactam;penem
KPC-6,carbapenem;cephalosporin;monobactam;penem
KPC-60,carbapenem;cephalosporin;monobactam;penem
KPC-61,carbapenem;cephalosporin;monobactam;penem
KPC-62,carbapenem;cephalosporin;monobactam;penem
KPC-63,carbapenem;cephalosporin;monobactam;penem
KPC-64,carbapenem;cephalosporin;monobactam;penem
KPC-65,carbapenem;cephalosporin;monobactam;penem
KPC-66,carbapenem;cephalosporin;monobactam;penem
KPC-7,carbapenem;cephalosporin;monobactam;penem
KPC-71,carbapenem;cephalosporin;monobactam;penem
KPC-72,carbapenem;cephalosporin;monobactam;penem
KPC-73,carbapenem;cephalosporin;monobactam;penem
KPC-74,carbapenem;cephalosporin;monobactam;penem
KPC-75,carbapenem;cephalosporin;monobactam;penem
KPC-76,carbapenem;cephalosporin;monobactam;penem
KPC-77,carbapenem;cephalosporin;monobactam;penem
KPC-78,carbapenem;cephalosporin;monobactam;penem
KPC-79,carbapenem;cephalosporin;monobactam;penem
KPC-8,carbapenem;cephalosporin;monobactam;penem
KPC-80,carbapenem;cephalosporin;monobactam;penem
KPC-81,carbapenem;cephalosporin;monobactam;penem
KPC-82,carbapenem;cephalosporin;monobactam;penem
KPC-83,carbapenem;cephalosporin;monobactam;penem
KPC-86,carbapenem;cephalosporin;monobactam;penem
KPC-87,carbapenem;cephalosporin;monobactam;penem
KPC-9,carbapenem;cephalosporin;monobactam;penem
KPC-90,carbapenem;cephalosporin;monobactam;penem
KPC-93,carbapenem;cephalosporin;monobactam;penem
KPC-94,carbapenem;cephalosporin;monobactam;penem
KPC-95,carbapenem;cephalosporin;monobactam;penem
KPC-96,carbapenem;cephalosporin;monobactam;penem
KPC-97,carbapenem;cephalosporin;monobactam;penem
KPC-98,carbapenem;cephalosporin;monobactam;penem
KPC-99,carbapenem;cephalosporin;monobactam;penem
Kpne_acrA,cephalosporin;disinfecting agents and antiseptics;fluoroquinolone antibiotic;glycylcycline;penem;phenicol antibiotic;rifamycin antibiotic;tetracycline antibiotic
Kpne_acrR_MULT,cephalosporin;disinfecting agents and antiseptics;fluoroquinolone antibiotic;glycylcycline;penem;phenicol antibiotic;rifamycin antibiotic;tetracycline antibiotic
Kpne_KpnE,aminoglycoside antibiotic;cephalosporin;disinfecting agents and antiseptics;macrolide antibiotic;peptide antibiotic;rifamycin antibiotic;tetracycline antibiotic
Kpne_KpnF,aminoglycoside antibiotic;cephalosporin;disinfecting agents and antiseptics;macrolide antibiotic;peptide antibiotic;rifamycin antibiotic;tetracycline antibiotic
Kpne_KpnG,aminoglycoside antibiotic;carbapenem;cephalosporin;fluoroquinolone antibiotic;macrolide antibiotic;penem;penem;peptide antibiotic
Kpne_KpnH,aminoglycoside antibiotic;carbapenem;cephalosporin;fluoroquinolone antibiotic;macrolide antibiotic;penem;penem;peptide antibiotic
Kpne_lamB_CZA,cephalosporin;fluoroquinolone antibiotic;tetracycline antibiotic
Kpne_OmpK35,carbapenem;cephalosporin;cephamycin;monobactam;penem;penem
Kpne_OmpK36,carbapenem;cephalosporin;cephamycin;monobactam;penem;penem
Kpne_OmpK37,carbapenem;cephalosporin;cephamycin;monobactam;penem;penem
Kpne_PBP3_BLA,carbapenem;cephalosporin;cephamycin;monobactam;penem
Kpne_PhoQ_CST,macrolide antibiotic;peptide antibiotic
Kpne_ramR,cephalosporin;disinfecting agents and antiseptics;fluoroquinolone antibiotic;glycylcycline;penem;phenicol antibiotic;rifamycin antibiotic;tetracycline antibiotic
L1_BLA,cephalosporin
LAP-1,cephalosporin;penem;penem
LAP-2,cephalosporin;penem;penem
LAQ-1,cephalosporin;cephamycin;penem
LAT-1,cephamycin
LCR-1,cephalosporin;penem
LEN-1,penem;penem
LEN-10,penem;penem
LEN-11,penem;penem
LEN-12,penem;penem
LEN-13,penem;penem
LEN-14,penem;penem
LEN-15,penem;penem
LEN-16,penem;penem
LEN-17,penem;penem
LEN-18,penem;penem
LEN-19,penem;penem
LEN-2,penem;penem
LEN-20,penem;penem
LEN-21,penem;penem
LEN-22,penem;penem
LEN-23,penem;penem
LEN-24,penem;penem
LEN-25,penem;penem
LEN-26,penem;penem
LEN-27,penem;penem
LEN-28,penem;penem
LEN-3,penem;penem
LEN-30,penem;penem
LEN-31,penem;penem
LEN-32,penem;penem
LEN-34,penem;penem
LEN-35,penem;penem
LEN-36,penem;penem
LEN-37,penem;penem
LEN-38,penem;penem
LEN-39,penem;penem
LEN-4,penem;penem
LEN-40,penem;penem
LEN-41,penem;penem
LEN-42,penem;penem
LEN-43,penem;penem
LEN-5,penem;penem
LEN-51,penem;penem
LEN-55,penem;penem
LEN-58,penem;penem
LEN-6,penem;penem
LEN-7,penem;penem
LEN-8,penem;penem
LEN-9,penem;penem
leuO,disinfecting agents and antiseptics;nucleoside antibiotic
lfrA,fluoroquinolone antibiotic
LHK-1,carbapenem;cephalosporin
LHK-2,carbapenem;cephalosporin
LHK-3,carbapenem;cephalosporin
LHK-4,carbapenem;cephalosporin
LHK-5,carbapenem;cephalosporin
LHK-6,carbapenem;cephalosporin
Lhon_ampC_BLA,cephalosporin;penem
lin,lincosamide antibiotic
linG,lincosamide antibiotic
LlmA_23S_CLI,lincosamide antibiotic
LMB-1,carbapenem;cephalosporin;penem
Lmon_mprF,peptide antibiotic
lmrA,lincosamide antibiotic;nucleoside antibiotic
lmrB,lincosamide antibiotic;nucleoside antibiotic
lmrC,lincosamide antibiotic
lmrD,lincosamide antibiotic
lmrP,lincosamide antibiotic;macrolide antibiotic;streptogramin A antibiotic;streptogramin antibiotic;tetracycline antibiotic
lnuA,lincosamide antibiotic
lnuB,lincosamide antibiotic
lnuC,lincosamide antibiotic
lnuD,lincosamide antibiotic
lnuE,lincosamide antibiotic
lnuF,lincosamide antibiotic
lnuG,lincosamide antibiotic
LnuH,lincosamide antibiotic
LnuP,lincosamide antibiotic
LpeA,macrolide antibiotic
LpeB,macrolide antibiotic
LpsA,peptide antibiotic
LpsB,peptide antibiotic
LptD,aminocoumarin antibiotic;carbapenem;peptide antibiotic;rifamycin antibiotic
LpxA,peptide antibiotic
LpxC,peptide antibiotic
LpxD,peptide antibiotic
LRA-1,cephalosporin;penem
LRA-10,cephalosporin;penem
LRA-12,cephalosporin;penem
LRA-13,cephalosporin;penem
LRA-17,cephalosporin;penem
LRA-18,cephalosporin;penem
LRA-19,cephalosporin;penem
LRA-2,cephalosporin;penem
LRA-3,cephalosporin;penem
LRA-5,cephalosporin;penem
LRA-7,cephalosporin;penem
LRA-8,cephalosporin;penem
LRA-9,cephalosporin;penem
Lreu_cat-TC,phenicol antibiotic
LRG-1,cephalosporin
lsaA,lincosamide antibiotic;pleuromutilin antibiotic;streptogramin A antibiotic;streptogramin B antibiotic;streptogramin antibiotic
lsaB,lincosamide antibiotic;pleuromutilin antibiotic;streptogramin antibiotic
lsaC,lincosamide antibiotic;pleuromutilin antibiotic;streptogramin antibiotic
lsaD,lincosamide antibiotic;pleuromutilin antibiotic;streptogramin A antibiotic;streptogramin antibiotic
lsaE,lincosamide antibiotic;pleuromutilin antibiotic;streptogramin antibiotic
LUS-1,carbapenem;cephalosporin
LUT-1,cephalosporin
LUT-2,cephalosporin
LUT-3,cephalosporin
LUT-4,cephalosporin
LUT-5,cephalosporin
LUT-6,cephalosporin
MAB,cephalosporin;penem;penem
Mabs_16S_AMK,aminoglycoside antibiotic;glycopeptide antibiotic;glycylcycline;nucleoside antibiotic;peptide antibiotic;tetracycline antibiotic
Mabs_16S_GEN,aminoglycoside antibiotic;glycopeptide antibiotic;glycylcycline;nucleoside antibiotic;peptide antibiotic;tetracycline antibiotic
Mabs_16S_KAN,aminoglycoside antibiotic;glycopeptide antibiotic;glycylcycline;nucleoside antibiotic;peptide antibiotic;tetracycline antibiotic
Mabs_16S_NEO,aminoglycoside antibiotic;glycopeptide antibiotic;glycylcycline;nucleoside antibiotic;peptide antibiotic;tetracycline antibiotic
Mabs_16S_TOB,aminoglycoside antibiotic;glycopeptide antibiotic;glycylcycline;nucleoside antibiotic;peptide antibiotic;tetracycline antibiotic
Mabs_23S_CLR,glycopeptide antibiotic;lincosamide antibiotic;macrolide antibiotic;phenicol antibiotic;pleuromutilin antibiotic;streptogramin A antibiotic;streptogramin B antibiotic;streptogramin antibiotic
Mabs_atpE_BDQ,diarylquinoline antibiotic
macA,macrolide antibiotic
macB,macrolide antibiotic
MAL-1,carbapenem
MAL-2,carbapenem
marA,carbapenem;cephalosporin;cephamycin;disinfecting agents and antiseptics;fluoroquinolone antibiotic;glycylcycline;monobactam;penem;penem;phenicol antibiotic;rifamycin antibiotic;tetracycline antibiotic
Mavi_23S_CLR,glycopeptide antibiotic;lincosamide antibiotic;macrolide antibiotic;phenicol antibiotic;pleuromutilin antibiotic;streptogramin A antibiotic;streptogramin B antibiotic;streptogramin antibiotic
Mavi_gyrA_FLO,fluoroquinolone antibiotic;nybomycin-like antibiotic
MBL1b,carbapenem
Mbov_embB_EMB,polyamine antibiotic
Mbov_ndh_INH,isoniazid-like antibiotic
Mcat_23S_MAC,glycopeptide antibiotic;lincosamide antibiotic;macrolide antibiotic;phenicol antibiotic;pleuromutilin antibiotic;streptogramin A antibiotic;streptogramin B antibiotic;streptogramin antibiotic
Mcat_M35_AMX,carbapenem;cephalosporin;cephamycin;monobactam;penem;penem
Mche_16S_AMK,aminoglycoside antibiotic;glycopeptide antibiotic;glycylcycline;nucleoside antibiotic;peptide antibiotic;tetracycline antibiotic
Mche_16S_GENC,aminoglycoside antibiotic;glycopeptide antibiotic;glycylcycline;nucleoside antibiotic;peptide antibiotic;tetracycline antibiotic
Mche_16S_KAN,aminoglycoside antibiotic;glycopeptide antibiotic;glycylcycline;nucleoside antibiotic;peptide antibiotic;tetracycline antibiotic
Mche_16S_NEO,aminoglycoside antibiotic;glycopeptide antibiotic;glycylcycline;nucleoside antibiotic;peptide antibiotic;tetracycline antibiotic
Mche_16S_TOB,aminoglycoside antibiotic;glycopeptide antibiotic;glycylcycline;nucleoside antibiotic;peptide antibiotic;tetracycline antibiotic
Mche_23S_CLR,glycopeptide antibiotic;lincosamide antibiotic;macrolide antibiotic;phenicol antibiotic;pleuromutilin antibiotic;streptogramin A antibiotic;streptogramin B antibiotic;streptogramin antibiotic
MCR-1.1,peptide antibiotic
MCR-1.10,peptide antibiotic
MCR-1.11,peptide antibiotic
MCR-1.12,peptide antibiotic
MCR-1.13,peptide antibiotic
MCR-1.14,peptide antibiotic
MCR-1.15,peptide antibiotic
MCR-1.16,peptide antibiotic
MCR-1.17,peptide antibiotic
MCR-1.18,peptide antibiotic
MCR-1.19,peptide antibiotic
MCR-1.2,peptide antibiotic
MCR-1.20,peptide antibiotic
MCR-1.21,peptide antibiotic
MCR-1.22,peptide antibiotic
MCR-1.23,peptide antibiotic
MCR-1.24,peptide antibiotic
MCR-1.25,peptide antibiotic
MCR-1.26,peptide antibiotic
MCR-1.27,peptide antibiotic
MCR-1.28,peptide antibiotic
MCR-1.29,peptide antibiotic
MCR-1.3,peptide antibiotic
MCR-1.30,peptide antibiotic
MCR-1.31,peptide antibiotic
MCR-1.32,peptide antibiotic
MCR-1.33,peptide antibiotic
MCR-1.34,peptide antibiotic
MCR-1.4,peptide antibiotic
MCR-1.5,peptide antibiotic
MCR-1.6,peptide antibiotic
MCR-1.7,peptide antibiotic
MCR-1.8,peptide antibiotic
MCR-1.9,peptide antibiotic
mcr-10.1,peptide antibiotic
MCR-10.2,peptide antibiotic
MCR-10.3,peptide antibiotic
MCR-10.4,peptide antibiotic
MCR-10.5,peptide antibiotic
MCR-2.1,peptide antibiotic
MCR-2.2,peptide antibiotic
MCR-2.3,peptide antibiotic
MCR-2.4,peptide antibiotic
MCR-2.5,peptide antibiotic
MCR-2.6,peptide antibiotic
MCR-2.7,peptide antibiotic
MCR-2.8,peptide antibiotic
MCR-3.1,peptide antibiotic
MCR-3.10,peptide antibiotic
MCR-3.11,peptide antibiotic
MCR-3.12,peptide antibiotic
MCR-3.13,peptide antibiotic
MCR-3.14,peptide antibiotic
MCR-3.15,peptide antibiotic
MCR-3.16,peptide antibiotic
MCR-3.17,peptide antibiotic
MCR-3.18,peptide antibiotic
MCR-3.19,peptide antibiotic
MCR-3.2,peptide antibiotic
MCR-3.20,peptide antibiotic
MCR-3.21,peptide antibiotic
MCR-3.22,peptide antibiotic
MCR-3.23,peptide antibiotic
MCR-3.24,peptide antibiotic
MCR-3.25,peptide antibiotic
MCR-3.26,peptide antibiotic
MCR-3.27,peptide antibiotic
MCR-3.28,peptide antibiotic
MCR-3.29,peptide antibiotic
MCR-3.3,peptide antibiotic
MCR-3.31,peptide antibiotic
MCR-3.32,peptide antibiotic
MCR-3.33,peptide antibiotic
MCR-3.34,peptide antibiotic
MCR-3.35,peptide antibiotic
MCR-3.36,peptide antibiotic
MCR-3.37,peptide antibiotic
MCR-3.38,peptide antibiotic
MCR-3.39,peptide antibiotic
MCR-3.4,peptide antibiotic
MCR-3.40,peptide antibiotic
MCR-3.41,peptide antibiotic
MCR-3.5,peptide antibiotic
MCR-3.6,peptide antibiotic
MCR-3.7,peptide antibiotic
MCR-3.8,peptide antibiotic
MCR-3.9,peptide antibiotic
MCR-4.1,peptide antibiotic
MCR-4.2,peptide antibiotic
MCR-4.3,peptide antibiotic
MCR-4.4,peptide antibiotic
MCR-4.5,peptide antibiotic
MCR-4.6,peptide antibiotic
MCR-4.7,peptide antibiotic
MCR-5.1,peptide antibiotic
MCR-5.2,peptide antibiotic
MCR-5.3,peptide antibiotic
MCR-5.4,peptide antibiotic
MCR-6.1,peptide antibiotic
MCR-7.1,peptide antibiotic
MCR-8.1,peptide antibiotic
MCR-8.2,peptide antibiotic
MCR-8.3,peptide antibiotic
MCR-8.4,peptide antibiotic
MCR-9.1,peptide antibiotic
mdeA,aminoglycoside antibiotic;disinfecting agents and antiseptics;fluoroquinolone antibiotic;penem;tetracycline antibiotic
mdsA,carbapenem;cephalosporin;cephamycin;monobactam;penem;penem;phenicol antibiotic
mdsB,carbapenem;cephalosporin;cephamycin;monobactam;penem;penem;phenicol antibiotic
mdsC,carbapenem;cephalosporin;cephamycin;monobactam;penem;penem;phenicol antibiotic
mdtA,aminocoumarin antibiotic
mdtB,aminocoumarin antibiotic
mdtC,aminocoumarin antibiotic
mdtE,fluoroquinolone antibiotic;macrolide antibiotic;penem
mdtF,fluoroquinolone antibiotic;macrolide antibiotic;penem
mdtG,phosphonic acid antibiotic
mdtH,fluoroquinolone antibiotic
MdtK,fluoroquinolone antibiotic
mdtM,disinfecting agents and antiseptics;fluoroquinolone antibiotic;lincosamide antibiotic;nucleoside antibiotic;phenicol antibiotic
mdtN,disinfecting agents and antiseptics;nucleoside antibiotic
mdtO,disinfecting agents and antiseptics;nucleoside antibiotic
mdtP,disinfecting agents and antiseptics;nucleoside antibiotic
MdtQ,carbapenem;cephalosporin;cephamycin;monobactam;penem;penem
mecA,carbapenem;cephalosporin;cephamycin;monobactam;penem
mecB,carbapenem;cephalosporin;cephamycin;monobactam;penem
mecC,carbapenem;cephalosporin;cephamycin;monobactam;penem
mecC-type_BlaZ,penem
mecD,carbapenem;cephalosporin;cephamycin;monobactam;penem
mecI,carbapenem;cephalosporin;cephamycin;monobactam;penem
MecI_rep,carbapenem;cephalosporin;cephamycin;monobactam;penem
mecR1,carbapenem;cephalosporin;cephamycin;monobactam;penem
mef(B),macrolide antibiotic
mef(C),macrolide antibiotic;tetracycline antibiotic
mef(D),macrolide antibiotic
mef(E),macrolide antibiotic
Mef(En2),lincosamide antibiotic;macrolide antibiotic
mef(F),macrolide antibiotic
mef(H),macrolide antibiotic
mef(J),macrolide antibiotic
mel,macrolide antibiotic;streptogramin antibiotic
mepA,glycylcycline;tetracycline antibiotic
mepR,glycylcycline;tetracycline antibiotic
MexA,aminocoumarin antibiotic;carbapenem;cephalosporin;cephamycin;diaminopyrimidine antibiotic;fluoroquinolone antibiotic;macrolide antibiotic;monobactam;penem;penem;peptide antibiotic;phenicol antibiotic;sulfonamide antibiotic;tetracycline antibiotic
MexB,aminocoumarin antibiotic;carbapenem;cephalosporin;cephamycin;diaminopyrimidine antibiotic;fluoroquinolone antibiotic;macrolide antibiotic;monobactam;penem;penem;peptide antibiotic;phenicol antibiotic;sulfonamide antibiotic;tetracycline antibiotic
MexC,aminocoumarin antibiotic;aminoglycoside antibiotic;cephalosporin;diaminopyrimidine antibiotic;fluoroquinolone antibiotic;macrolide antibiotic;penem;phenicol antibiotic;tetracycline antibiotic
MexD,aminocoumarin antibiotic;aminoglycoside antibiotic;cephalosporin;diaminopyrimidine antibiotic;fluoroquinolone antibiotic;macrolide antibiotic;penem;phenicol antibiotic;tetracycline antibiotic
MexE,diaminopyrimidine antibiotic;fluoroquinolone antibiotic;phenicol antibiotic
MexF,diaminopyrimidine antibiotic;fluoroquinolone antibiotic;phenicol antibiotic
MexG,disinfecting agents and antiseptics;fluoroquinolone antibiotic;tetracycline antibiotic
MexH,disinfecting agents and antiseptics;fluoroquinolone antibiotic;tetracycline antibiotic
MexI,disinfecting agents and antiseptics;fluoroquinolone antibiotic;tetracycline antibiotic
MexJ,disinfecting agents and antiseptics;macrolide antibiotic;tetracycline antibiotic
MexK,disinfecting agents and antiseptics;macrolide antibiotic;tetracycline antibiotic
MexL,disinfecting agents and antiseptics;macrolide antibiotic;tetracycline antibiotic
mexM,phenicol antibiotic
mexN,phenicol antibiotic
mexP,carbapenem;diaminopyrimidine antibiotic;disinfecting agents and antiseptics;macrolide antibiotic;phenicol antibiotic;tetracycline antibiotic
mexQ,carbapenem;diaminopyrimidine antibiotic;disinfecting agents and antiseptics;macrolide antibiotic;phenicol antibiotic;tetracycline antibiotic
MexR,aminocoumarin antibiotic;carbapenem;cephalosporin;cephamycin;diaminopyrimidine antibiotic;fluoroquinolone antibiotic;macrolide antibiotic;monobactam;penem;penem;peptide antibiotic;phenicol antibiotic;sulfonamide antibiotic;tetracycline antibiotic
MexR,aminocoumarin antibiotic;carbapenem;cephalosporin;cephamycin;diaminopyrimidine antibiotic;fluoroquinolone antibiotic;macrolide antibiotic;monobactam;penem;penem;peptide antibiotic;phenicol antibiotic;sulfonamide antibiotic;tetracycline antibiotic
MexS,diaminopyrimidine antibiotic;fluoroquinolone antibiotic;phenicol antibiotic
MexT,diaminopyrimidine antibiotic;fluoroquinolone antibiotic;phenicol antibiotic
MexV,disinfecting agents and antiseptics;fluoroquinolone antibiotic;macrolide antibiotic;phenicol antibiotic;tetracycline antibiotic
MexW,disinfecting agents and antiseptics;fluoroquinolone antibiotic;macrolide antibiotic;phenicol antibiotic;tetracycline antibiotic
mexX,aminoglycoside antibiotic;carbapenem;cephalosporin;cephamycin;disinfecting agents and antiseptics;fluoroquinolone antibiotic;macrolide antibiotic;penem;phenicol antibiotic;tetracycline antibiotic
mexY,aminoglycoside antibiotic;carbapenem;cephalosporin;cephamycin;disinfecting agents and antiseptics;fluoroquinolone antibiotic;macrolide antibiotic;penem;phenicol antibiotic;tetracycline antibiotic
MexZ,aminoglycoside antibiotic;carbapenem;cephalosporin;cephamycin;disinfecting agents and antiseptics;fluoroquinolone antibiotic;macrolide antibiotic;penem;phenicol antibiotic;tetracycline antibiotic
mfd,fluoroquinolone antibiotic
Mfer_23S_MAC,glycopeptide antibiotic;lincosamide antibiotic;macrolide antibiotic;phenicol antibiotic;pleuromutilin antibiotic;streptogramin A antibiotic;streptogramin B antibiotic;streptogramin antibiotic
mfpA,fluoroquinolone antibiotic
Mgal_23S_PLM,glycopeptide antibiotic;lincosamide antibiotic;macrolide antibiotic;phenicol antibiotic;pleuromutilin antibiotic;streptogramin A antibiotic;streptogramin B antibiotic;streptogramin antibiotic
Mgen_23S_MULT,fluoroquinolone antibiotic;glycopeptide antibiotic;lincosamide antibiotic;macrolide antibiotic;phenicol antibiotic;pleuromutilin antibiotic;streptogramin A antibiotic;streptogramin B antibiotic;streptogramin antibiotic
Mgen_gyrA_FLO,fluoroquinolone antibiotic;nybomycin-like antibiotic
Mgen_parC_MXF,fluoroquinolone antibiotic
mgrA,cephalosporin;disinfecting agents and antiseptics;fluoroquinolone antibiotic;penem;peptide antibiotic;tetracycline antibiotic
mgrB,peptide antibiotic
mgtA,macrolide antibiotic
Mhom_23S_FLO,fluoroquinolone antibiotic
Mhom_23S_MAC,glycopeptide antibiotic;lincosamide antibiotic;macrolide antibiotic;phenicol antibiotic;pleuromutilin antibiotic;streptogramin A antibiotic;streptogramin B antibiotic;streptogramin antibiotic
Mint_23S_AZM,glycopeptide antibiotic;lincosamide antibiotic;macrolide antibiotic;phenicol antibiotic;pleuromutilin antibiotic;streptogramin A antibiotic;streptogramin B antibiotic;streptogramin antibiotic
Mint_23S_CLR,glycopeptide antibiotic;lincosamide antibiotic;macrolide antibiotic;phenicol antibiotic;pleuromutilin antibiotic;streptogramin A antibiotic;streptogramin B antibiotic;streptogramin antibiotic
MIR-1,cephalosporin;monobactam
MIR-10,cephalosporin;monobactam
MIR-11,cephalosporin;monobactam
MIR-12,cephalosporin;monobactam
MIR-13,cephalosporin;monobactam
MIR-14,cephalosporin;monobactam
MIR-15,cephalosporin;monobactam
MIR-16,cephalosporin;monobactam
MIR-17,cephalosporin;monobactam
MIR-18,cephalosporin;monobactam
MIR-19,cephalosporin;monobactam
MIR-2,cephalosporin;monobactam
MIR-20,cephalosporin;monobactam
MIR-21,cephalosporin;monobactam
MIR-22,cephalosporin;monobactam
MIR-23,cephalosporin;monobactam
MIR-3,cephalosporin;monobactam
MIR-4,cephalosporin;monobactam
MIR-5,cephalosporin;monobactam
MIR-6,cephalosporin;monobactam
MIR-7,cephalosporin;monobactam
MIR-9,cephalosporin;monobactam
Mkan_23S_CLR,glycopeptide antibiotic;lincosamide antibiotic;macrolide antibiotic;phenicol antibiotic;pleuromutilin antibiotic;streptogramin A antibiotic;streptogramin B antibiotic;streptogramin antibiotic
mlaD,glycopeptide antibiotic;oxazolidinone antibiotic
mlaF,glycopeptide antibiotic;oxazolidinone antibiotic
Mlep_folP_DAO,sulfonamide antibiotic;sulfone antibiotic
Mlep_gyrA_FLO,fluoroquinolone antibiotic;nybomycin-like antibiotic
Mlep_gyrB_FLO,aminocoumarin antibiotic;fluoroquinolone antibiotic
Mlep_rpoB_RIF,peptide antibiotic;rifamycin antibiotic
Mmor_gyrB_FLO,aminocoumarin antibiotic;fluoroquinolone antibiotic
MOC-1,carbapenem
MOR-2,cephalosporin
MOX-1,cephalosporin;cephamycin;penem
MOX-10,cephalosporin;cephamycin;penem
MOX-11,cephalosporin;cephamycin;penem
MOX-12,cephalosporin;cephamycin;penem
MOX-13,cephalosporin;cephamycin;penem
MOX-14,cephalosporin;cephamycin;penem
MOX-2,cephalosporin;cephamycin;penem
MOX-3,cephalosporin;cephamycin;penem
MOX-4,cephalosporin;cephamycin;penem
MOX-5,cephalosporin;cephamycin;penem
MOX-6,cephalosporin;cephamycin;penem
MOX-7,cephalosporin;cephamycin;penem
MOX-8,cephalosporin;cephamycin;penem
MOX-9,cephalosporin;cephamycin;penem
mphA,macrolide antibiotic
mphB,macrolide antibiotic
mphC,macrolide antibiotic
mphE,macrolide antibiotic
mphF,macrolide antibiotic
mphG,macrolide antibiotic
mphH,macrolide antibiotic
mphI,macrolide antibiotic
mphJ,macrolide antibiotic
mphK,macrolide antibiotic
mphL,macrolide antibiotic
mphM,macrolide antibiotic
mphN,macrolide antibiotic
mphO,macrolide antibiotic
Mpne_23S_ERY,glycopeptide antibiotic;lincosamide antibiotic;macrolide antibiotic;phenicol antibiotic;pleuromutilin antibiotic;streptogramin A antibiotic;streptogramin B antibiotic;streptogramin antibiotic
mreA,macrolide antibiotic
Mrx,macrolide antibiotic
msbA,nitroimidazole antibiotic
MSI-1,carbapenem
MSI-OXA,carbapenem
Msme_16rrsA_HGM,aminoglycoside antibiotic;glycopeptide antibiotic;glycylcycline;nucleoside antibiotic;peptide antibiotic;tetracycline antibiotic
Msme_16rrsA_KAN,aminoglycoside antibiotic;glycopeptide antibiotic;glycylcycline;nucleoside antibiotic;peptide antibiotic;tetracycline antibiotic
Msme_16rrsA_NEO,aminoglycoside antibiotic;glycopeptide antibiotic;glycylcycline;nucleoside antibiotic;peptide antibiotic;tetracycline antibiotic
Msme_16rrsA_VIO,aminoglycoside antibiotic;glycopeptide antibiotic;glycylcycline;nucleoside antibiotic;peptide antibiotic;tetracycline antibiotic
Msme_16rrsB_HGM,aminoglycoside antibiotic;glycopeptide antibiotic;glycylcycline;nucleoside antibiotic;peptide antibiotic;tetracycline antibiotic
Msme_16rrsB_KAN,aminoglycoside antibiotic;glycopeptide antibiotic;glycylcycline;nucleoside antibiotic;peptide antibiotic;tetracycline antibiotic
Msme_16rrsB_NEO,aminoglycoside antibiotic;glycopeptide antibiotic;glycylcycline;nucleoside antibiotic;peptide antibiotic;tetracycline antibiotic
Msme_16rrsB_STR,aminoglycoside antibiotic;glycopeptide antibiotic;glycylcycline;nucleoside antibiotic;peptide antibiotic;tetracycline antibiotic
Msme_16rrsB_VIO,aminoglycoside antibiotic;glycopeptide antibiotic;glycylcycline;nucleoside antibiotic;peptide antibiotic;tetracycline antibiotic
Msme_23S_CLR,glycopeptide antibiotic;lincosamide antibiotic;macrolide antibiotic;phenicol antibiotic;pleuromutilin antibiotic;streptogramin A antibiotic;streptogramin B antibiotic;streptogramin antibiotic
Msme_ndh_INH,isoniazid-like antibiotic
msr(G),macrolide antibiotic;streptogramin antibiotic
msr(I),macrolide antibiotic;phosphonic acid antibiotic;streptogramin antibiotic
msrA,macrolide antibiotic;streptogramin B antibiotic;streptogramin antibiotic
msrB,macrolide antibiotic;streptogramin B antibiotic;streptogramin antibiotic
msrC,macrolide antibiotic;streptogramin B antibiotic;streptogramin antibiotic
msrE,macrolide antibiotic;streptogramin antibiotic
msrF,macrolide antibiotic;streptogramin antibiotic
msrH,macrolide antibiotic;streptogramin antibiotic
mtrA,macrolide antibiotic;penem
mtrC,macrolide antibiotic;penem
mtrD,macrolide antibiotic;penem
mtrE,macrolide antibiotic;penem
mtrR,antibacterial free fatty acids;macrolide antibiotic;penem
Mtub_16rrnS_AMK,aminoglycoside antibiotic;glycopeptide antibiotic;glycylcycline;nucleoside antibiotic;peptide antibiotic;tetracycline antibiotic
Mtub_16rrnS_KAN,aminoglycoside antibiotic;glycopeptide antibiotic;glycylcycline;nucleoside antibiotic;peptide antibiotic;tetracycline antibiotic
Mtub_16S_AMK,aminoglycoside antibiotic;glycopeptide antibiotic;glycylcycline;nucleoside antibiotic;peptide antibiotic;tetracycline antibiotic
Mtub_16S_CAP,aminoglycoside antibiotic;glycopeptide antibiotic;glycylcycline;nucleoside antibiotic;peptide antibiotic;tetracycline antibiotic
Mtub_16S_KAN,aminoglycoside antibiotic;glycopeptide antibiotic;glycylcycline;nucleoside antibiotic;peptide antibiotic;tetracycline antibiotic
Mtub_16S_STR,aminoglycoside antibiotic;glycopeptide antibiotic;glycylcycline;nucleoside antibiotic;peptide antibiotic;tetracycline antibiotic
Mtub_16S_VIO,aminoglycoside antibiotic;glycopeptide antibiotic;glycylcycline;nucleoside antibiotic;peptide antibiotic;tetracycline antibiotic
Mtub_23S_CAP,aminoglycoside antibiotic;glycopeptide antibiotic;lincosamide antibiotic;macrolide antibiotic;phenicol antibiotic;pleuromutilin antibiotic;streptogramin A antibiotic;streptogramin B antibiotic;streptogramin antibiotic
Mtub_aftA_EMB,polyamine antibiotic
Mtub_ahpC_INH,isoniazid-like antibiotic
Mtub_ald_DCS,cycloserine-like antibiotic
Mtub_alr_DCS,cycloserine-like antibiotic
Mtub_clpC1_PZA,pyrazine antibiotic
Mtub_ddlA_DCS,cycloserine-like antibiotic
Mtub_ddn_MULT,nitroimidazole antibiotic
Mtub_eccB5_FLO,fluoroquinolone antibiotic
Mtub_eccC5_FLO,fluoroquinolone antibiotic
Mtub_eis_KAN,aminoglycoside antibiotic
Mtub_embA_EMB,polyamine antibiotic
Mtub_embB_EMB,polyamine antibiotic
Mtub_embB_RIF,polyamine antibiotic;rifamycin antibiotic
Mtub_embC_EMB,polyamine antibiotic
Mtub_embR_EMB,polyamine antibiotic
Mtub_ethA_ETO,isoniazid-like antibiotic;thioamide antibiotic
Mtub_ethA_INH,isoniazid-like antibiotic;thioamide antibiotic
Mtub_ethA_PCL,isoniazid-like antibiotic;thioamide antibiotic;thiosemicarbazone antibiotic
Mtub_ethA_PTO,isoniazid-like antibiotic;thioamide antibiotic
Mtub_fabG1_ETO,thioamide antibiotic
Mtub_fabG1_INH,isoniazid-like antibiotic
Mtub_folC_PAS,salicylic acid antibiotic
Mtub_furA_INH,isoniazid-like antibiotic
Mtub_gidB_STR,aminoglycoside antibiotic
Mtub_gpsI_PZA,pyrazine antibiotic
Mtub_gyrA_FLO,fluoroquinolone antibiotic;nybomycin-like antibiotic
Mtub_gyrB_FLO,aminocoumarin antibiotic;fluoroquinolone antibiotic
Mtub_inbR_INH,isoniazid-like antibiotic
Mtub_inhA_ETO,disinfecting agents and antiseptics;isoniazid-like antibiotic;thioamide antibiotic
Mtub_inhA_INH,disinfecting agents and antiseptics;isoniazid-like antibiotic
Mtub_iniA_EMB,polyamine antibiotic
Mtub_iniB_EMB,polyamine antibiotic
Mtub_iniC_EMB,polyamine antibiotic
Mtub_kasA_INH,disinfecting agents and antiseptics;isoniazid-like antibiotic
Mtub_katG_INH,isoniazid-like antibiotic
Mtub_katG_PTO,thioamide antibiotic
Mtub_mas_PZA,pyrazine antibiotic
Mtub_mmaA3_INH,isoniazid-like antibiotic
Mtub_mshA_INH,isoniazid-like antibiotic
Mtub_mshA_PTO,thioamide antibiotic
Mtub_mshC_ETO,thioamide antibiotic
Mtub_mshC_INH,isoniazid-like antibiotic
Mtub_murA_FOF,phosphonic acid antibiotic
Mtub_mymA_INH,isoniazid-like antibiotic
Mtub_nat_INH,isoniazid-like antibiotic
Mtub_ndh_INH,isoniazid-like antibiotic
Mtub_nudC_ETO,thioamide antibiotic
Mtub_nudC_INH,isoniazid-like antibiotic
Mtub_pncA_PZA,pyrazine antibiotic
Mtub_ponA1_RFB,rifamycin antibiotic
Mtub_ppsC_PZA,pyrazine antibiotic
Mtub_ppsD_PZA,pyrazine antibiotic
Mtub_ribD_PAS,salicylic acid antibiotic
Mtub_rpoA_RIF,rifamycin antibiotic
Mtub_rpoB_RIF,peptide antibiotic;rifamycin antibiotic
Mtub_rpoC_RIF,rifamycin antibiotic
Mtub_rpsA_PZA,pyrazine antibiotic
Mtub_rpsL_STR,aminoglycoside antibiotic
Mtub_Rv0191_PZA,pyrazine antibiotic
Mtub_Rv0565_ETO,thioamide antibiotic
Mtub_Rv0678_BDQ,diarylquinoline antibiotic
Mtub_Rv1667_PZA,pyrazine antibiotic
Mtub_Rv2535_BDQ,diarylquinoline antibiotic;fluoroquinolone antibiotic
Mtub_Rv2731_PZA,pyrazine antibiotic
Mtub_Rv3169_PZA,pyrazine antibiotic
Mtub_sigI_INH,isoniazid-like antibiotic
Mtub_tap_EMCM,aminoglycoside antibiotic;isoniazid-like antibiotic;polyamine antibiotic;pyrazine antibiotic
Mtub_tap_MULT,aminoglycoside antibiotic;isoniazid-like antibiotic;polyamine antibiotic;pyrazine antibiotic
Mtub_tap_STR,aminoglycoside antibiotic
Mtub_thyA_PAS,salicylic acid antibiotic
Mtub_tlyA_AMG,aminoglycoside antibiotic
Mtub_ubiA_EMB,polyamine antibiotic
Mtub_whib7_KAN,aminoglycoside antibiotic
Mtub_whib7_STR,aminoglycoside antibiotic
MUS-1,carbapenem;penem;penem
MUS-2,carbapenem;penem;penem
MuxA,aminocoumarin antibiotic;macrolide antibiotic;monobactam;tetracycline antibiotic
MuxB,aminocoumarin antibiotic;macrolide antibiotic;monobactam;tetracycline antibiotic
MuxC,aminocoumarin antibiotic;macrolide antibiotic;monobactam;tetracycline antibiotic
MvaT,diaminopyrimidine antibiotic;fluoroquinolone antibiotic;phenicol antibiotic
MYO-1,carbapenem
myrA,lincosamide antibiotic;macrolide antibiotic
MYX-1,carbapenem
nalC,aminocoumarin antibiotic;carbapenem;cephalosporin;cephamycin;diaminopyrimidine antibiotic;fluoroquinolone antibiotic;macrolide antibiotic;monobactam;penem;penem;peptide antibiotic;phenicol antibiotic;sulfonamide antibiotic;tetracycline antibiotic
nalD,aminocoumarin antibiotic;carbapenem;cephalosporin;cephamycin;diaminopyrimidine antibiotic;fluoroquinolone antibiotic;macrolide antibiotic;monobactam;penem;penem;peptide antibiotic;phenicol antibiotic;sulfonamide antibiotic;tetracycline antibiotic
NDM-1,carbapenem;cephalosporin;cephamycin;penem
NDM-10,carbapenem;cephalosporin;cephamycin;penem
NDM-11,carbapenem;cephalosporin;cephamycin;penem
NDM-12,carbapenem;cephalosporin;cephamycin;penem
NDM-13,carbapenem;cephalosporin;cephamycin;penem
NDM-14,carbapenem;cephalosporin;cephamycin;penem
NDM-15,carbapenem;cephalosporin;cephamycin;penem
NDM-16a,carbapenem;cephalosporin;cephamycin;penem
NDM-16b,carbapenem;cephalosporin;cephamycin;penem
NDM-17,carbapenem;cephalosporin;cephamycin;penem
NDM-18,carbapenem;cephalosporin;cephamycin;penem
NDM-19,carbapenem;cephalosporin;cephamycin;penem
NDM-2,carbapenem;cephalosporin;cephamycin;penem
NDM-20,carbapenem;cephalosporin;cephamycin;penem
NDM-21,carbapenem;cephalosporin;cephamycin;penem
NDM-22,carbapenem;cephalosporin;cephamycin;penem
NDM-23,carbapenem;cephalosporin;cephamycin;penem
NDM-24,carbapenem;cephalosporin;cephamycin;penem
NDM-25,carbapenem;cephalosporin;cephamycin;penem
NDM-26,carbapenem;cephalosporin;cephamycin;penem
NDM-27,carbapenem;cephalosporin;cephamycin;penem
NDM-28,carbapenem;cephalosporin;cephamycin;penem
NDM-29,carbapenem;cephalosporin;cephamycin;penem
NDM-3,carbapenem;cephalosporin;cephamycin;penem
NDM-30,carbapenem;cephalosporin;cephamycin;penem
NDM-31,carbapenem;cephalosporin;cephamycin;penem
NDM-33,carbapenem;cephalosporin;cephamycin;fluoroquinolone antibiotic;penem
NDM-34,carbapenem;cephalosporin;cephamycin;penem
NDM-35,carbapenem;cephalosporin;cephamycin;penem
NDM-36,carbapenem;cephalosporin;cephamycin;penem
NDM-37,carbapenem;cephalosporin;cephamycin;penem
NDM-38,carbapenem;cephalosporin;cephamycin;penem
NDM-39,carbapenem;cephalosporin;cephamycin;penem
NDM-4,carbapenem;cephalosporin;cephamycin;penem;penem
NDM-40,carbapenem;cephalosporin;cephamycin;penem
NDM-41,carbapenem;cephalosporin;cephamycin;penem
NDM-42,carbapenem;cephalosporin;cephamycin;penem
NDM-43,carbapenem;cephalosporin;cephamycin;penem
NDM-44,carbapenem;cephalosporin;cephamycin;penem
NDM-45,carbapenem;cephalosporin;cephamycin;penem
NDM-46,carbapenem;cephalosporin;cephamycin;penem
NDM-47,carbapenem;cephalosporin;cephamycin;penem
NDM-5,carbapenem;cephalosporin;cephamycin;penem
NDM-6,carbapenem;cephalosporin;cephamycin;penem
NDM-7,carbapenem;cephalosporin;cephamycin;penem
NDM-8,carbapenem;cephalosporin;cephamycin;penem
NDM-9,carbapenem;cephalosporin;cephamycin;monobactam;penem;penem
Nfar_rox,rifamycin antibiotic
Ngon_16S_SPT,aminoglycoside antibiotic;glycopeptide antibiotic;glycylcycline;nucleoside antibiotic;peptide antibiotic;tetracycline antibiotic
Ngon_23S_AZM,glycopeptide antibiotic;lincosamide antibiotic;macrolide antibiotic;phenicol antibiotic;pleuromutilin antibiotic;streptogramin A antibiotic;streptogramin B antibiotic;streptogramin antibiotic
Ngon_folP_SLF,sulfonamide antibiotic;sulfone antibiotic
Ngon_gyrA_FLO,fluoroquinolone antibiotic;nybomycin-like antibiotic
Ngon_gyrB_ZOL,aminocoumarin antibiotic;zoliflodacin-like antibiotic
Ngon_mtrC_AZM,macrolide antibiotic;penem
Ngon_mtrR_AZM,macrolide antibiotic
Ngon_parC_FLO,fluoroquinolone antibiotic
Ngon_PBP1_BLA,carbapenem;cephalosporin;cephamycin;monobactam;penem
Ngon_PBP2_BLA,carbapenem;cephalosporin;cephamycin;monobactam;penem
Ngon_pilQ_BLA,carbapenem;cephalosporin;cephamycin;monobactam;penem
Ngon_porin,carbapenem;cephalosporin;cephamycin;monobactam;penem;penem;tetracycline antibiotic
Ngon_rpld,glycopeptide antibiotic;macrolide antibiotic
nimA,nitroimidazole antibiotic
nimB,nitroimidazole antibiotic
nimC,nitroimidazole antibiotic
nimD,nitroimidazole antibiotic
nimE,nitroimidazole antibiotic
nimF,nitroimidazole antibiotic
nimG,nitroimidazole antibiotic
nimH,nitroimidazole antibiotic
nimI,nitroimidazole antibiotic
nimJ,nitroimidazole antibiotic
nimK,nitroimidazole antibiotic
NmcA,carbapenem;cephalosporin;cephamycin;penem
NmcR,carbapenem;cephalosporin;cephamycin;penem
Nmen_16S_SPT,aminoglycoside antibiotic;glycopeptide antibiotic;glycylcycline;nucleoside antibiotic;peptide antibiotic;tetracycline antibiotic
Nmen_PBP2_BLA,carbapenem;cephalosporin;cephamycin;monobactam;penem
norA,disinfecting agents and antiseptics;fluoroquinolone antibiotic
norB,fluoroquinolone antibiotic
norC,disinfecting agents and antiseptics;fluoroquinolone antibiotic
novA,aminocoumarin antibiotic
npmA,aminoglycoside antibiotic
NPS-1,cephalosporin;penem
OCH-1,cephalosporin;cephamycin;monobactam;penem;penem
OCH-2,cephalosporin;cephamycin;monobactam;penem;penem
OCH-3,cephalosporin;cephamycin;monobactam;penem;penem
OCH-4,cephalosporin;cephamycin;monobactam;penem;penem
OCH-5,cephalosporin;cephamycin;monobactam;penem;penem
OCH-6,cephalosporin;cephamycin;monobactam;penem;penem
OCH-7,cephalosporin;cephamycin;monobactam;penem;penem
OCH-8,cephalosporin;cephamycin;monobactam;penem;penem
OHIO-1,cephalosporin
OKP-A-1,cephalosporin;penem
OKP-A-10,cephalosporin;penem
OKP-A-11,cephalosporin;penem
OKP-A-12,cephalosporin;penem
OKP-A-13,cephalosporin;penem
OKP-A-14,cephalosporin;penem
OKP-A-15,cephalosporin;penem
OKP-A-16,cephalosporin;penem
OKP-A-17,cephalosporin;penem
OKP-A-2,cephalosporin;penem
OKP-A-3,cephalosporin;penem
OKP-A-4,cephalosporin;penem
OKP-A-5,cephalosporin;penem
OKP-A-6,cephalosporin;penem
OKP-A-7,cephalosporin;penem
OKP-A-8,cephalosporin;penem
OKP-A-9,cephalosporin;penem
OKP-B-1,cephalosporin;penem
OKP-B-10,cephalosporin;penem
OKP-B-11,cephalosporin;penem
OKP-B-12,cephalosporin;penem
OKP-B-13,cephalosporin;penem
OKP-B-14,cephalosporin;penem
OKP-B-16,cephalosporin;penem
OKP-B-17,cephalosporin;penem
OKP-B-18,cephalosporin;penem
OKP-B-19,cephalosporin;penem
OKP-B-2,cephalosporin;penem
OKP-B-20,cephalosporin;penem
OKP-B-21,cephalosporin;penem
OKP-B-22,cephalosporin;penem
OKP-B-23,cephalosporin;penem
OKP-B-24,cephalosporin;penem
OKP-B-3,cephalosporin;penem
OKP-B-34,cephalosporin;penem
OKP-B-36,cephalosporin;penem
OKP-B-4,cephalosporin;penem
OKP-B-40,cephalosporin;penem
OKP-B-41,cephalosporin;penem
OKP-B-45,cephalosporin;penem
OKP-B-5,cephalosporin;penem
OKP-B-6,cephalosporin;penem
OKP-B-7,cephalosporin;penem
OKP-B-8,cephalosporin;penem
OKP-B-9,cephalosporin;penem
OKP-C-1,cephalosporin;penem
OKP-D-1,cephalosporin;penem
oleB,macrolide antibiotic
oleC,macrolide antibiotic
oleD,macrolide antibiotic
oleI,macrolide antibiotic
OmpA,peptide antibiotic
opcM,aminoglycoside antibiotic;fluoroquinolone antibiotic
OpmB,aminocoumarin antibiotic;macrolide antibiotic;monobactam;tetracycline antibiotic
OpmD,disinfecting agents and antiseptics;fluoroquinolone antibiotic;tetracycline antibiotic
opmE,carbapenem;diaminopyrimidine antibiotic;disinfecting agents and antiseptics;macrolide antibiotic;phenicol antibiotic;tetracycline antibiotic
OpmH,disinfecting agents and antiseptics
OprA,aminoglycoside antibiotic;carbapenem;fluoroquinolone antibiotic;macrolide antibiotic;tetracycline antibiotic
OprJ,aminocoumarin antibiotic;aminoglycoside antibiotic;cephalosporin;diaminopyrimidine antibiotic;fluoroquinolone antibiotic;macrolide antibiotic;penem;phenicol antibiotic;tetracycline antibiotic
OprM,aminocoumarin antibiotic;aminoglycoside antibiotic;carbapenem;cephalosporin;cephamycin;diaminopyrimidine antibiotic;disinfecting agents and antiseptics;fluoroquinolone antibiotic;macrolide antibiotic;monobactam;penem;penem;peptide antibiotic;phenicol antibiotic;sulfonamide antibiotic;tetracycline antibiotic
OprN,diaminopyrimidine antibiotic;fluoroquinolone antibiotic;phenicol antibiotic
OprZ,aminoglycoside antibiotic;cephalosporin;fluoroquinolone antibiotic;macrolide antibiotic
optrA,oxazolidinone antibiotic;phenicol antibiotic
oqxA,diaminopyrimidine antibiotic;fluoroquinolone antibiotic;glycylcycline;nitrofuran antibiotic;tetracycline antibiotic
oqxB,diaminopyrimidine antibiotic;fluoroquinolone antibiotic;glycylcycline;nitrofuran antibiotic;tetracycline antibiotic
ORN-1,carbapenem;cephalosporin
ORN-2,carbapenem;cephalosporin
ORN-3,carbapenem;cephalosporin
ORN-4,carbapenem;cephalosporin
ORN-5,carbapenem;cephalosporin
ORN-6,carbapenem;cephalosporin
ORR-1,carbapenem
otr(A)S.liv,tetracycline antibiotic
otr(A)S.rim,tetracycline antibiotic
otr(B),tetracycline antibiotic
otr(C),tetracycline antibiotic
OXA-1,cephalosporin;penem
OXA-10,cephalosporin;penem
OXA-100,carbapenem;penem
OXA-101,cephalosporin;penem
OXA-103,carbapenem;penem
OXA-1038,carbapenem;penem
OXA-1039,carbapenem;penem
OXA-104,carbapenem;penem
OXA-105,penem
OXA-106,carbapenem;penem
OXA-107,carbapenem;penem
OXA-108,carbapenem;penem
OXA-109,carbapenem;penem
OXA-11,cephalosporin;penem
OXA-110,carbapenem;penem
OXA-111,carbapenem;penem
OXA-112,carbapenem;penem
OXA-113,carbapenem;penem
OXA-114a,penem
OXA-114b,penem
OXA-114c,penem
OXA-114d,penem
OXA-114e,penem
OXA-114f,penem
OXA-114g,penem
OXA-114h,penem
OXA-114i,penem
OXA-114j,penem
OXA-114k,penem
OXA-114l,penem
OXA-114m,penem
OXA-114n,penem
OXA-114p,penem
OXA-114q,penem
OXA-114r,penem
OXA-114s,penem
OXA-114t,penem
OXA-114u,penem
OXA-114v,penem
OXA-114w,penem
OXA-114x,penem
OXA-115,carbapenem;penem
OXA-116,penem
OXA-117,carbapenem;penem
OXA-118,penem
OXA-119,penem
OXA-12,penem
OXA-120,carbapenem;penem
OXA-121,carbapenem;penem
OXA-122,carbapenem;penem
OXA-123,carbapenem;penem
OXA-124,carbapenem;penem
OXA-125,carbapenem;penem
OXA-126,carbapenem;penem
OXA-127,carbapenem;penem
OXA-128,carbapenem;penem
OXA-129,penem
OXA-13,cephalosporin;penem
OXA-130,carbapenem;penem
OXA-131,carbapenem;penem
OXA-132,carbapenem;penem
OXA-133,carbapenem;penem
OXA-134,carbapenem;penem
OXA-136,penem
OXA-137,penem
OXA-138,carbapenem;penem
OXA-139,carbapenem;penem
OXA-14,cephalosporin;penem
OXA-140,penem
OXA-141,cephalosporin;penem
OXA-142,cephalosporin;penem
OXA-143,carbapenem;penem
OXA-144,carbapenem;penem
OXA-145,cephalosporin;penem
OXA-146,carbapenem;penem
OXA-147,cephalosporin;penem
OXA-148,carbapenem;penem
OXA-149,carbapenem;penem
OXA-15,cephalosporin;penem
OXA-150,carbapenem;penem
OXA-151,carbapenem;penem
OXA-152,carbapenem;penem
OXA-153,carbapenem;penem
OXA-154,carbapenem;penem
OXA-155,carbapenem;penem
OXA-156,carbapenem;penem
OXA-157,carbapenem;penem
OXA-158,carbapenem;penem
OXA-159,carbapenem;penem
OXA-16,penem
OXA-160,carbapenem;penem
OXA-161,cephalosporin;penem
OXA-162,carbapenem;penem
OXA-163,carbapenem;penem
OXA-164,carbapenem;penem
OXA-165,carbapenem;penem
OXA-166,carbapenem;penem
OXA-167,carbapenem;penem
OXA-168,carbapenem;penem
OXA-169,carbapenem;penem
OXA-17,cephalosporin;penem
OXA-170,carbapenem;penem
OXA-171,carbapenem;penem
OXA-172,carbapenem;penem
OXA-173,carbapenem;penem
OXA-174,carbapenem;penem
OXA-175,carbapenem;penem
OXA-176,carbapenem;penem
OXA-177,carbapenem;penem
OXA-178,carbapenem;penem
OXA-179,carbapenem;penem
OXA-18,penem
OXA-180,carbapenem;penem
OXA-181,carbapenem;penem
OXA-182,carbapenem;penem
OXA-183,cephalosporin;penem
OXA-184,penem
OXA-185,penem
OXA-19,cephalosporin;penem
OXA-192,penem
OXA-193,penem
OXA-194,carbapenem;penem
OXA-195,carbapenem;penem
OXA-196,carbapenem;penem
OXA-197,carbapenem;penem
OXA-198,carbapenem;penem
OXA-199,carbapenem;penem
OXA-2,carbapenem;cephalosporin;penem
OXA-20,penem
OXA-200,carbapenem;penem
OXA-201,carbapenem;penem
OXA-202,carbapenem;penem
OXA-203,carbapenem;penem
OXA-204,carbapenem;penem
OXA-205,penem
OXA-206,carbapenem;penem
OXA-207,carbapenem;penem
OXA-208,carbapenem;penem
OXA-209,penem
OXA-21,cephalosporin;penem
OXA-210,cephalosporin;penem
OXA-211,carbapenem;penem
OXA-212,carbapenem;penem
OXA-213,carbapenem;penem
OXA-214,carbapenem;penem
OXA-215,carbapenem;penem
OXA-216,carbapenem;penem
OXA-217,carbapenem;penem
OXA-219,carbapenem;penem
OXA-22,cephalosporin;penem
OXA-223,carbapenem;penem
OXA-224,cephalosporin;penem
OXA-225,carbapenem;penem
OXA-226,cephalosporin;penem
OXA-228,carbapenem;penem
OXA-229,carbapenem;penem
OXA-23,carbapenem;penem
OXA-230,carbapenem;penem
OXA-231,carbapenem;penem
OXA-232,carbapenem;penem
OXA-233,cephalosporin;penem
OXA-234,carbapenem;penem
OXA-235,carbapenem;penem
OXA-236,carbapenem;penem
OXA-237,carbapenem;penem
OXA-239,carbapenem;penem
OXA-24,carbapenem;monobactam;penem
OXA-240,cephalosporin;penem
OXA-241,carbapenem;penem
OXA-242,carbapenem;penem
OXA-243,penem
OXA-244,carbapenem;penem
OXA-245,carbapenem;penem
OXA-246,cephalosporin;penem
OXA-247,carbapenem;penem
OXA-248,carbapenem;penem
OXA-249,carbapenem;penem
OXA-25,carbapenem;penem
OXA-250,carbapenem;penem
OXA-251,cephalosporin;penem
OXA-252,carbapenem;penem
OXA-253,carbapenem;penem
OXA-254,carbapenem;penem
OXA-255,carbapenem;penem
OXA-256,cephalosporin;penem
OXA-257,carbapenem;penem
OXA-258,penem
OXA-259,carbapenem;penem
OXA-26,carbapenem;penem
OXA-260,carbapenem;penem
OXA-261,carbapenem;penem
OXA-262,carbapenem;penem
OXA-263,carbapenem;penem
OXA-264,carbapenem;penem
OXA-265,carbapenem;penem
OXA-266,penem
OXA-267,carbapenem;penem
OXA-268,carbapenem;penem
OXA-269,carbapenem;penem
OXA-27,carbapenem;penem
OXA-270,carbapenem;penem
OXA-271,carbapenem;penem
OXA-272,carbapenem;penem
OXA-273,carbapenem;penem
OXA-274,carbapenem;penem
OXA-275,carbapenem;penem
OXA-276,carbapenem;penem
OXA-277,carbapenem;penem
OXA-278,carbapenem;penem
OXA-279,penem
OXA-28,cephalosporin;penem
OXA-280,carbapenem;penem
OXA-281,carbapenem;penem
OXA-282,carbapenem;penem
OXA-283,carbapenem;penem
OXA-284,carbapenem;penem
OXA-285,carbapenem;penem
OXA-286,carbapenem;penem
OXA-287,carbapenem;penem
OXA-288,carbapenem;penem
OXA-289,penem
OXA-29,penem
OXA-290,penem
OXA-291,carbapenem;penem
OXA-292,carbapenem;penem
OXA-293,carbapenem;penem
OXA-294,penem
OXA-295,penem
OXA-296,penem
OXA-297,penem
OXA-298,penem
OXA-299,penem
OXA-3,cephalosporin;penem
OXA-300,carbapenem;penem
OXA-301,carbapenem;penem
OXA-302,carbapenem;penem
OXA-303,carbapenem;penem
OXA-304,carbapenem;penem
OXA-305,carbapenem;penem
OXA-306,carbapenem;penem
OXA-307,carbapenem;penem
OXA-308,penem
OXA-309,carbapenem;penem
OXA-31,cephalosporin;penem
OXA-312,carbapenem;penem
OXA-313,carbapenem;penem
OXA-314,carbapenem;penem
OXA-315,carbapenem;penem
OXA-316,carbapenem;penem
OXA-317,carbapenem;penem
OXA-32,cephalosporin;penem
OXA-320,cephalosporin;penem
OXA-322,carbapenem;penem
OXA-323,carbapenem;penem
OXA-324,carbapenem;penem
OXA-325,carbapenem;penem
OXA-326,carbapenem;penem
OXA-327,carbapenem;penem
OXA-328,carbapenem;penem
OXA-329,carbapenem;penem
OXA-33,penem
OXA-330,carbapenem;penem
OXA-331,carbapenem;penem
OXA-332,carbapenem;penem
OXA-333,carbapenem;penem
OXA-334,carbapenem;penem
OXA-335,carbapenem;penem
OXA-336,carbapenem;penem
OXA-337,carbapenem;penem
OXA-338,carbapenem;penem
OXA-339,carbapenem;penem
OXA-34,penem
OXA-340,carbapenem;penem
OXA-341,carbapenem;penem
OXA-342,carbapenem;penem
OXA-343,carbapenem;penem
OXA-344,carbapenem;penem
OXA-345,carbapenem;penem
OXA-346,carbapenem;penem
OXA-347,penem
OXA-348,carbapenem;penem
OXA-349,carbapenem;penem
OXA-35,cephalosporin;penem
OXA-350,carbapenem;penem
OXA-351,carbapenem;penem
OXA-352,carbapenem;penem
OXA-353,carbapenem;penem
OXA-354,carbapenem;penem
OXA-355,carbapenem;penem
OXA-356,carbapenem;penem
OXA-357,carbapenem;penem
OXA-358,carbapenem;penem
OXA-359,carbapenem;penem
OXA-36,penem
OXA-360,carbapenem;penem
OXA-361,carbapenem;penem
OXA-362,carbapenem;penem
OXA-363,carbapenem;penem
OXA-364,penem
OXA-365,carbapenem;penem
OXA-366,carbapenem;penem
OXA-368,cephalosporin;penem
OXA-37,penem
OXA-370,carbapenem;penem
OXA-371,carbapenem;penem
OXA-372,carbapenem;penem
OXA-373,carbapenem;penem
OXA-374,carbapenem;penem
OXA-375,carbapenem;penem
OXA-376,carbapenem;penem
OXA-377,carbapenem;penem
OXA-378,carbapenem;penem
OXA-379,carbapenem;penem
OXA-380,carbapenem;penem
OXA-381,carbapenem;penem
OXA-382,carbapenem;penem
OXA-383,carbapenem;penem
OXA-384,carbapenem;penem
OXA-385,carbapenem;penem
OXA-386,carbapenem;penem
OXA-387,carbapenem;penem
OXA-388,carbapenem;penem
OXA-389,carbapenem;penem
OXA-390,carbapenem;penem
OXA-391,carbapenem;penem
OXA-392,cephalosporin;penem
OXA-395,penem
OXA-396,penem
OXA-397,carbapenem;penem
OXA-398,carbapenem;penem
OXA-4,cephalosporin;penem
OXA-400,carbapenem;penem
OXA-401,carbapenem;penem
OXA-402,carbapenem;penem
OXA-403,carbapenem;penem
OXA-404,carbapenem;penem
OXA-405,carbapenem;penem
OXA-406,carbapenem;penem
OXA-407,carbapenem;penem
OXA-408,carbapenem;penem
OXA-409,carbapenem;penem
OXA-411,carbapenem;penem
OXA-412,carbapenem;penem
OXA-413,carbapenem;penem
OXA-414,carbapenem;penem
OXA-415,cephalosporin;penem
OXA-416,carbapenem;penem
OXA-417,carbapenem;penem
OXA-418,carbapenem;penem
OXA-42,penem
OXA-420,carbapenem;penem
OXA-421,carbapenem;penem
OXA-422,carbapenem;penem
OXA-423,carbapenem;penem
OXA-424,carbapenem;penem
OXA-425,carbapenem;penem
OXA-426,carbapenem;penem
OXA-427,carbapenem;penem
OXA-429,carbapenem;penem
OXA-43,penem
OXA-430,carbapenem;penem
OXA-431,carbapenem;penem
OXA-432,carbapenem;penem
OXA-433,carbapenem;penem
OXA-435,carbapenem;penem
OXA-436,carbapenem;penem
OXA-437,carbapenem;penem
OXA-438,carbapenem;penem
OXA-439,carbapenem;penem
OXA-440,carbapenem;penem
OXA-441,carbapenem;penem
OXA-442,carbapenem;penem
OXA-443,cephalosporin;penem
OXA-444,carbapenem;penem
OXA-446,penem
OXA-447,penem
OXA-448,penem
OXA-449,penem
OXA-45,penem
OXA-450,penem
OXA-451,penem
OXA-452,penem
OXA-453,penem
OXA-454,cephalosporin;penem
OXA-455,penem
OXA-457,penem
OXA-458,penem
OXA-459,penem
OXA-46,penem
OXA-460,penem
OXA-461,penem
OXA-464,penem
OXA-465,penem
OXA-466,penem
OXA-47,cephalosporin;penem
OXA-470,penem
OXA-471,penem
OXA-472,penem
OXA-473,penem
OXA-474,penem
OXA-475,penem
OXA-476,penem
OXA-477,penem
OXA-478,penem
OXA-479,penem
OXA-48,carbapenem;penem
OXA-480,carbapenem;penem
OXA-481,penem
OXA-482,carbapenem;penem
OXA-483,carbapenem;penem
OXA-484,carbapenem;penem
OXA-485,penem
OXA-486,penem
OXA-488,penem
OXA-489,penem
OXA-49,carbapenem;penem
OXA-491,penem
OXA-493,penem
OXA-494,penem
OXA-496,carbapenem;penem
OXA-497,carbapenem;penem
OXA-498,carbapenem;penem
OXA-499,carbapenem;penem
OXA-5,penem
OXA-50,cephalosporin;penem
OXA-500,carbapenem;penem
OXA-501,carbapenem;penem
OXA-502,carbapenem;penem
OXA-503,carbapenem;penem
OXA-504,penem
OXA-505,carbapenem;penem
OXA-506,carbapenem;penem
OXA-507,carbapenem;penem
OXA-508,carbapenem;penem
OXA-509,carbapenem;penem
OXA-51,carbapenem;monobactam;penem
OXA-510,carbapenem;penem
OXA-511,carbapenem;penem
OXA-512,carbapenem;penem
OXA-513,penem
OXA-514,carbapenem;penem
OXA-515,carbapenem;penem
OXA-516,carbapenem;penem
OXA-517,carbapenem;penem
OXA-518,penem
OXA-519,carbapenem;penem
OXA-520,cephalosporin;penem
OXA-521,carbapenem;penem
OXA-522,carbapenem;penem
OXA-523,carbapenem;penem
OXA-524,carbapenem;penem
OXA-525,carbapenem;penem
OXA-526,carbapenem;penem
OXA-527,penem
OXA-528,carbapenem;penem
OXA-529,carbapenem;penem
OXA-53,cephalosporin;penem
OXA-530,carbapenem;penem
OXA-531,carbapenem;penem
OXA-532,carbapenem;penem
OXA-533,carbapenem;penem
OXA-534,cephalosporin;penem
OXA-535,carbapenem;penem
OXA-536,carbapenem;penem
OXA-537,carbapenem;penem
OXA-538,carbapenem;penem
OXA-539,cephalosporin;penem
OXA-54,carbapenem;penem
OXA-540,cephalosporin;penem
OXA-541,cephalosporin;penem
OXA-542,penem
OXA-543,cephalosporin;penem
OXA-544,cephalosporin;penem
OXA-545,carbapenem;penem
OXA-546,carbapenem;penem
OXA-547,carbapenem;penem
OXA-548,penem
OXA-549,penem
OXA-55,carbapenem;penem
OXA-550,penem
OXA-551,penem
OXA-552,penem
OXA-553,penem
OXA-554,carbapenem;penem
OXA-555,carbapenem;penem
OXA-556,carbapenem;penem
OXA-557,carbapenem;penem
OXA-558,carbapenem;penem
OXA-559,carbapenem;penem
OXA-56,cephalosporin;penem
OXA-560,carbapenem;penem
OXA-561,carbapenem;penem
OXA-562,carbapenem;penem
OXA-563,carbapenem;penem
OXA-564,carbapenem;penem
OXA-565,carbapenem;penem
OXA-566,carbapenem;penem
OXA-567,carbapenem;penem
OXA-568,penem
OXA-569,cephalosporin;penem
OXA-57,penem
OXA-570,carbapenem;penem
OXA-571,carbapenem;penem
OXA-572,cephalosporin;penem
OXA-573,carbapenem;penem
OXA-574,cephalosporin;penem
OXA-575,carbapenem;penem
OXA-576,penem
OXA-577,penem
OXA-578,penem
OXA-579,penem
OXA-58,carbapenem;penem
OXA-580,penem
OXA-581,penem
OXA-582,penem
OXA-583,penem
OXA-584,penem
OXA-585,penem
OXA-586,penem
OXA-587,penem
OXA-588,penem
OXA-589,penem
OXA-59,penem
OXA-590,penem
OXA-591,penem
OXA-592,penem
OXA-593,penem
OXA-594,penem
OXA-595,penem
OXA-596,penem
OXA-597,penem
OXA-598,penem
OXA-599,penem
OXA-60,carbapenem;penem
OXA-600,penem
OXA-601,penem
OXA-602,penem
OXA-603,penem
OXA-604,penem
OXA-605,penem
OXA-606,penem
OXA-607,penem
OXA-608,penem
OXA-609,penem
OXA-61,penem
OXA-610,penem
OXA-611,penem
OXA-612,penem
OXA-613,penem
OXA-614,penem
OXA-615,penem
OXA-616,penem
OXA-617,penem
OXA-618,penem
OXA-619,penem
OXA-62,carbapenem;penem
OXA-620,penem
OXA-621,penem
OXA-622,penem
OXA-623,penem
OXA-624,penem
OXA-625,penem
OXA-626,penem
OXA-627,penem
OXA-628,penem
OXA-629,penem
OXA-63,penem
OXA-630,penem
OXA-631,penem
OXA-632,penem
OXA-633,penem
OXA-634,penem
OXA-635,penem
OXA-636,penem
OXA-637,penem
OXA-638,penem
OXA-639,penem
OXA-64,carbapenem;penem
OXA-640,penem
OXA-641,carbapenem;penem
OXA-642,carbapenem;penem
OXA-643,carbapenem;penem
OXA-644,carbapenem;penem
OXA-645,carbapenem;penem
OXA-646,carbapenem;penem
OXA-647,carbapenem;penem
OXA-648,carbapenem;penem
OXA-649,carbapenem;penem
OXA-65,carbapenem;penem
OXA-650,carbapenem;penem
OXA-651,carbapenem;penem
OXA-652,carbapenem;penem
OXA-653,carbapenem;penem
OXA-654,carbapenem;penem
OXA-655,cephalosporin;penem
OXA-656,cephalosporin;penem
OXA-657,carbapenem;penem
OXA-658,penem
OXA-659,penem
OXA-66,carbapenem;penem
OXA-660,penem
OXA-661,penem
OXA-662,carbapenem;penem
OXA-663,cephalosporin;penem
OXA-664,penem
OXA-665,penem
OXA-666,penem
OXA-667,carbapenem;penem
OXA-668,carbapenem;penem
OXA-669,carbapenem;penem
OXA-67,carbapenem;penem
OXA-670,carbapenem;penem
OXA-671,carbapenem;penem
OXA-672,carbapenem;penem
OXA-673,carbapenem;penem
OXA-674,carbapenem;penem
OXA-675,cephalosporin;penem
OXA-676,cephalosporin;penem
OXA-677,cephalosporin;penem
OXA-678,carbapenem;penem
OXA-679,carbapenem;penem
OXA-68,carbapenem;penem
OXA-680,carbapenem;penem
OXA-681,cephalosporin;penem
OXA-682,carbapenem;penem
OXA-683,carbapenem;penem
OXA-684,carbapenem;penem
OXA-685,carbapenem;penem
OXA-686,carbapenem;penem
OXA-687,carbapenem;penem
OXA-688,carbapenem;penem
OXA-689,carbapenem;penem
OXA-69,carbapenem;penem
OXA-690,carbapenem;penem
OXA-691,carbapenem;penem
OXA-692,carbapenem;penem
OXA-693,carbapenem;penem
OXA-694,carbapenem;penem
OXA-695,carbapenem;penem
OXA-696,carbapenem;penem
OXA-697,carbapenem;penem
OXA-698,carbapenem;penem
OXA-699,carbapenem;penem
OXA-7,cephalosporin;penem
OXA-70,carbapenem;penem
OXA-700,carbapenem;penem
OXA-701,carbapenem;penem
OXA-702,carbapenem;penem
OXA-703,carbapenem;penem
OXA-704,carbapenem;penem
OXA-705,carbapenem;penem
OXA-706,carbapenem;penem
OXA-707,carbapenem;penem
OXA-708,carbapenem;penem
OXA-709,carbapenem;penem
OXA-71,carbapenem;penem
OXA-710,carbapenem;penem
OXA-711,carbapenem;penem
OXA-712,carbapenem;penem
OXA-713,carbapenem;penem
OXA-714,carbapenem;penem
OXA-715,carbapenem;penem
OXA-716,carbapenem;penem
OXA-717,carbapenem;penem
OXA-718,carbapenem;penem
OXA-719,carbapenem;penem
OXA-72,carbapenem;penem
OXA-720,carbapenem;penem
OXA-721,carbapenem;penem
OXA-722,carbapenem;penem
OXA-723,carbapenem;penem
OXA-724,penem
OXA-726,penem
OXA-727,penem
OXA-728,penem
OXA-729,carbapenem;penem
OXA-73,carbapenem;penem
OXA-730,carbapenem;penem
OXA-731,carbapenem;penem
OXA-732,penem
OXA-733,carbapenem;penem
OXA-734,carbapenem;penem
OXA-735,carbapenem;penem
OXA-736,cephalosporin;penem
OXA-737,cephalosporin;penem
OXA-738,carbapenem;penem
OXA-739,carbapenem;penem
OXA-74,cephalosporin;penem
OXA-740,carbapenem;penem
OXA-741,carbapenem;penem
OXA-742,carbapenem;penem
OXA-743,carbapenem;penem
OXA-744,carbapenem;penem
OXA-745,carbapenem;penem
OXA-746,carbapenem;penem
OXA-747,carbapenem;penem
OXA-748,carbapenem;penem
OXA-749,carbapenem;penem
OXA-75,carbapenem;penem
OXA-750,carbapenem;penem
OXA-751,carbapenem;penem
OXA-752,carbapenem;penem
OXA-753,carbapenem;penem
OXA-754,carbapenem;penem
OXA-755,carbapenem;penem
OXA-756,carbapenem;penem
OXA-757,carbapenem;penem
OXA-758,carbapenem;penem
OXA-759,carbapenem;penem
OXA-76,carbapenem;penem
OXA-760,carbapenem;penem
OXA-761,carbapenem;penem
OXA-762,carbapenem;penem
OXA-763,carbapenem;penem
OXA-764,carbapenem;penem
OXA-765,carbapenem;penem
OXA-766,carbapenem;penem
OXA-767,carbapenem;penem
OXA-768,carbapenem;penem
OXA-769,carbapenem;penem
OXA-77,carbapenem;penem
OXA-770,carbapenem;penem
OXA-771,carbapenem;penem
OXA-772,carbapenem;penem
OXA-773,carbapenem;penem
OXA-774,carbapenem;penem
OXA-775,carbapenem;penem
OXA-776,carbapenem;penem
OXA-777,carbapenem;penem
OXA-778,carbapenem;penem
OXA-779,penem
OXA-78,carbapenem;penem
OXA-780,penem
OXA-781,carbapenem;penem
OXA-782,carbapenem;penem
OXA-783,penem
OXA-784,penem
OXA-785,penem
OXA-786,penem
OXA-787,penem
OXA-788,carbapenem;penem
OXA-789,penem
OXA-79,carbapenem;penem
OXA-793,carbapenem;penem
OXA-794,cephalosporin;penem
OXA-795,cephalosporin;penem
OXA-796,cephalosporin;penem
OXA-797,carbapenem;penem
OXA-798,carbapenem;penem
OXA-799,carbapenem;penem
OXA-80,carbapenem;penem
OXA-800,carbapenem;penem
OXA-801,carbapenem;penem
OXA-802,carbapenem;penem
OXA-803,carbapenem;penem
OXA-804,carbapenem;penem
OXA-805,carbapenem;penem
OXA-806,carbapenem;penem
OXA-807,carbapenem;penem
OXA-808,carbapenem;penem
OXA-809,carbapenem;penem
OXA-810,carbapenem;penem
OXA-811,carbapenem;penem
OXA-812,carbapenem;penem
OXA-813,carbapenem;penem
OXA-814,carbapenem;penem
OXA-815,carbapenem;penem
OXA-816,carbapenem;penem
OXA-817,carbapenem;penem
OXA-818,carbapenem;penem
OXA-819,carbapenem;penem
OXA-82,carbapenem;penem
OXA-820,carbapenem;penem
OXA-821,carbapenem;penem
OXA-822,carbapenem;penem
OXA-823,cephalosporin;penem
OXA-824,cephalosporin;penem
OXA-825,carbapenem;penem
OXA-826,carbapenem;penem
OXA-827,cephalosporin;penem
OXA-828,carbapenem;penem
OXA-829,carbapenem;penem
OXA-83,carbapenem;penem
OXA-830,penem
OXA-831,carbapenem;penem
OXA-832,carbapenem;penem
OXA-833,carbapenem;penem
OXA-834,carbapenem;penem
OXA-835,penem
OXA-836,cephalosporin;penem
OXA-837,penem
OXA-838,cephalosporin;penem
OXA-839,penem
OXA-84,carbapenem;penem
OXA-840,carbapenem;penem
OXA-841,carbapenem;penem
OXA-842,carbapenem;penem
OXA-843,carbapenem;penem
OXA-844,carbapenem;penem
OXA-845,carbapenem;penem
OXA-846,penem
OXA-847,penem
OXA-848,penem
OXA-849,penem
OXA-85,penem
OXA-850,penem
OXA-851,penem
OXA-852,carbapenem;penem
OXA-853,carbapenem;penem
OXA-854,carbapenem;penem
OXA-855,carbapenem;penem
OXA-856,carbapenem;penem
OXA-857,carbapenem;penem
OXA-858,carbapenem;penem
OXA-859,carbapenem;penem
OXA-86,carbapenem;penem
OXA-860,carbapenem;penem
OXA-861,carbapenem;penem
OXA-862,carbapenem;penem
OXA-863,carbapenem;penem
OXA-864,carbapenem;penem
OXA-865,carbapenem;penem
OXA-866,carbapenem;penem
OXA-867,carbapenem;penem
OXA-868,carbapenem;penem
OXA-869,carbapenem;penem
OXA-87,carbapenem;penem
OXA-870,carbapenem;penem
OXA-871,carbapenem;penem
OXA-872,carbapenem;penem
OXA-873,carbapenem;penem
OXA-874,carbapenem;penem
OXA-875,carbapenem;penem
OXA-876,carbapenem;penem
OXA-877,carbapenem;penem
OXA-878,carbapenem;penem
OXA-879,carbapenem;penem
OXA-88,carbapenem;penem
OXA-880,carbapenem;penem
OXA-881,carbapenem;penem
OXA-882,carbapenem;penem
OXA-883,carbapenem;penem
OXA-884,carbapenem;penem
OXA-885,carbapenem;penem
OXA-886,carbapenem;penem
OXA-887,carbapenem;penem
OXA-888,carbapenem;penem
OXA-889,carbapenem;penem
OXA-89,carbapenem;penem
OXA-890,carbapenem;penem
OXA-891,carbapenem;penem
OXA-892,carbapenem;penem
OXA-893,carbapenem;penem
OXA-894,carbapenem;penem
OXA-895,carbapenem;penem
OXA-896,penem
OXA-897,carbapenem;penem
OXA-898,carbapenem;penem
OXA-899,cephalosporin;penem
OXA-9,penem
OXA-90,carbapenem;penem
OXA-900,penem
OXA-901,penem
OXA-902,penem
OXA-903,penem
OXA-904,penem
OXA-905,penem
OXA-906,penem
OXA-907,penem
OXA-908,penem
OXA-909,carbapenem;penem
OXA-91,carbapenem;penem
OXA-910,carbapenem;penem
OXA-911,carbapenem;penem
OXA-912,penem
OXA-913,penem
OXA-914,penem
OXA-915,carbapenem;penem
OXA-916,carbapenem;penem
OXA-917,carbapenem;penem
OXA-918,carbapenem;penem
OXA-919,penem
OXA-92,carbapenem;penem
OXA-920,carbapenem;penem
OXA-921,cephalosporin;penem
OXA-922,carbapenem;penem
OXA-923,carbapenem;penem
OXA-924,carbapenem;penem
OXA-925,penem
OXA-926,penem
OXA-927,carbapenem;penem
OXA-928,cephalosporin;penem
OXA-929,carbapenem;penem
OXA-93,carbapenem;penem
OXA-930,carbapenem;penem
OXA-931,carbapenem;penem
OXA-932,cephalosporin;penem
OXA-935,cephalosporin;penem
OXA-937,penem
OXA-938,carbapenem;penem
OXA-939,carbapenem;penem
OXA-94,carbapenem;penem
OXA-940,carbapenem;penem
OXA-941,carbapenem;penem
OXA-942,carbapenem;penem
OXA-943,carbapenem;penem
OXA-945,carbapenem;penem
OXA-946,carbapenem;penem
OXA-947,carbapenem;penem
OXA-948,carbapenem;penem
OXA-949,carbapenem;penem
OXA-95,carbapenem;penem
OXA-96,carbapenem;penem
OXA-97,carbapenem;penem
OXA-98,carbapenem;penem
OXA-99,carbapenem;penem
OXY-1-1,cephalosporin;monobactam;penem
OXY-1-2,cephalosporin;monobactam;penem
OXY-1-3,cephalosporin;monobactam;penem
OXY-1-4,cephalosporin;monobactam;penem
OXY-1-6,cephalosporin;monobactam;penem
OXY-2-1,cephalosporin;monobactam;penem
OXY-2-10,cephalosporin;monobactam;penem
OXY-2-11,cephalosporin;monobactam;penem
OXY-2-12,cephalosporin;monobactam;penem
OXY-2-13,cephalosporin;monobactam;penem
OXY-2-14,cephalosporin;monobactam;penem
OXY-2-15,cephalosporin;monobactam;penem
OXY-2-2,cephalosporin;monobactam;penem
OXY-2-3,cephalosporin;monobactam;penem
OXY-2-4,cephalosporin;monobactam;penem
OXY-2-5,cephalosporin;monobactam;penem
OXY-2-6,cephalosporin;monobactam;penem
OXY-2-7,cephalosporin;monobactam;penem
OXY-2-8,cephalosporin;monobactam;penem
OXY-2-9,cephalosporin;monobactam;penem
OXY-3-1,cephalosporin;monobactam;penem
OXY-4-1,cephalosporin;monobactam;penem
OXY-5-1,cephalosporin;monobactam;penem
OXY-5-2,cephalosporin;monobactam;penem
OXY-6-1,cephalosporin;monobactam;penem
OXY-6-2,cephalosporin;monobactam;penem
OXY-6-3,cephalosporin;monobactam;penem
OXY-6-4,cephalosporin;monobactam;penem
PAC-1,cephalosporin
Paer_ampR_ATM,carbapenem;cephalosporin;monobactam;penem
Paer_catB6,phenicol antibiotic
Paer_catB7,phenicol antibiotic
Paer_CpxR,aminocoumarin antibiotic;aminoglycoside antibiotic;carbapenem;cephalosporin;cephamycin;diaminopyrimidine antibiotic;fluoroquinolone antibiotic;macrolide antibiotic;monobactam;penem;penem;peptide antibiotic;phenicol antibiotic;sulfonamide antibiotic;tetracycline antibiotic
Paer_emrE,aminoglycoside antibiotic
Paer_gyrA_FLO,fluoroquinolone antibiotic;nybomycin-like antibiotic
Paer_oprD_IPM,carbapenem;cephalosporin;cephamycin;monobactam;penem;penem
Paer_ParC_FLO,fluoroquinolone antibiotic
Paer_parE_FLO,fluoroquinolone antibiotic
Paer_PhoP_CST,macrolide antibiotic;peptide antibiotic
Paer_PhoQ_CST,macrolide antibiotic;peptide antibiotic
Paer_soxR,cephalosporin;disinfecting agents and antiseptics;fluoroquinolone antibiotic;glycylcycline;penem;phenicol antibiotic;rifamycin antibiotic;tetracycline antibiotic
PAM-1,carbapenem;cephalosporin
PAM-2,carbapenem;cephalosporin
PAM-3,carbapenem;cephalosporin
ParR,aminoglycoside antibiotic;carbapenem;cephalosporin;cephamycin;disinfecting agents and antiseptics;fluoroquinolone antibiotic;macrolide antibiotic;monobactam;penem;penem;phenicol antibiotic;tetracycline antibiotic
ParS,aminoglycoside antibiotic;carbapenem;cephalosporin;cephamycin;disinfecting agents and antiseptics;fluoroquinolone antibiotic;macrolide antibiotic;monobactam;penem;penem;phenicol antibiotic;tetracycline antibiotic
patA,fluoroquinolone antibiotic
patB,fluoroquinolone antibiotic
PAU-1,carbapenem;cephalosporin
PC1_blaZ,penem
PDC-1,carbapenem;cephalosporin;monobactam
PDC-10,carbapenem;cephalosporin;monobactam
PDC-100,carbapenem;cephalosporin;monobactam
PDC-101,carbapenem;cephalosporin;monobactam
PDC-102,carbapenem;cephalosporin;monobactam
PDC-103,carbapenem;cephalosporin;monobactam
PDC-104,carbapenem;cephalosporin;monobactam
PDC-105,carbapenem;cephalosporin;monobactam
PDC-106,carbapenem;cephalosporin;monobactam
PDC-107,carbapenem;cephalosporin;monobactam
PDC-108,carbapenem;cephalosporin;monobactam
PDC-109,carbapenem;cephalosporin;monobactam
PDC-11,carbapenem;cephalosporin;monobactam
PDC-110,carbapenem;cephalosporin;monobactam
PDC-111,carbapenem;cephalosporin;monobactam
PDC-112,carbapenem;cephalosporin;monobactam
PDC-113,carbapenem;cephalosporin;monobactam
PDC-114,carbapenem;cephalosporin;monobactam
PDC-115,carbapenem;cephalosporin;monobactam
PDC-116,carbapenem;cephalosporin;monobactam
PDC-117,carbapenem;cephalosporin;monobactam
PDC-118,carbapenem;cephalosporin;monobactam
PDC-119,carbapenem;cephalosporin;monobactam
PDC-12,carbapenem;cephalosporin;monobactam
PDC-120,carbapenem;cephalosporin;monobactam
PDC-121,carbapenem;cephalosporin;monobactam
PDC-122,carbapenem;cephalosporin;monobactam
PDC-123,carbapenem;cephalosporin;monobactam
PDC-124,carbapenem;cephalosporin;monobactam
PDC-125,carbapenem;cephalosporin;monobactam
PDC-126,carbapenem;cephalosporin;monobactam
PDC-127,carbapenem;cephalosporin;monobactam
PDC-128,carbapenem;cephalosporin;monobactam
PDC-129,carbapenem;cephalosporin;monobactam
PDC-13,carbapenem;cephalosporin;monobactam
PDC-130,carbapenem;cephalosporin;monobactam
PDC-131,carbapenem;cephalosporin;monobactam
PDC-132,carbapenem;cephalosporin;monobactam
PDC-133,carbapenem;cephalosporin;monobactam
PDC-134,carbapenem;cephalosporin;monobactam
PDC-135,carbapenem;cephalosporin;monobactam
PDC-136,carbapenem;cephalosporin;monobactam
PDC-137,carbapenem;cephalosporin;monobactam
PDC-138,carbapenem;cephalosporin;monobactam
PDC-139,carbapenem;cephalosporin;monobactam
PDC-14,carbapenem;cephalosporin;monobactam
PDC-140,carbapenem;cephalosporin;monobactam
PDC-141,carbapenem;cephalosporin;monobactam
PDC-142,carbapenem;cephalosporin;monobactam
PDC-143,carbapenem;cephalosporin;monobactam
PDC-144,carbapenem;cephalosporin;monobactam
PDC-145,carbapenem;cephalosporin;monobactam
PDC-146,carbapenem;cephalosporin;monobactam
PDC-147,carbapenem;cephalosporin;monobactam
PDC-148,carbapenem;cephalosporin;monobactam
PDC-149,carbapenem;cephalosporin;monobactam
PDC-15,carbapenem;cephalosporin;monobactam
PDC-150,carbapenem;cephalosporin;monobactam
PDC-151,carbapenem;cephalosporin;monobactam
PDC-152,carbapenem;cephalosporin;monobactam
PDC-153,carbapenem;cephalosporin;monobactam
PDC-154,carbapenem;cephalosporin;monobactam
PDC-155,carbapenem;cephalosporin;monobactam
PDC-156,carbapenem;cephalosporin;monobactam
PDC-157,carbapenem;cephalosporin;monobactam
PDC-158,carbapenem;cephalosporin;monobactam
PDC-159,carbapenem;cephalosporin;monobactam
PDC-16,carbapenem;cephalosporin;monobactam
PDC-160,carbapenem;cephalosporin;monobactam
PDC-161,carbapenem;cephalosporin;monobactam
PDC-162,carbapenem;cephalosporin;monobactam
PDC-163,carbapenem;cephalosporin;monobactam
PDC-164,carbapenem;cephalosporin;monobactam
PDC-165,carbapenem;cephalosporin;monobactam
PDC-166,carbapenem;cephalosporin;monobactam
PDC-167,carbapenem;cephalosporin;monobactam
PDC-168,carbapenem;cephalosporin;monobactam
PDC-169,carbapenem;cephalosporin;monobactam
PDC-17,carbapenem;cephalosporin;monobactam
PDC-170,carbapenem;cephalosporin;monobactam
PDC-171,carbapenem;cephalosporin;monobactam
PDC-172,carbapenem;cephalosporin;monobactam
PDC-173,carbapenem;cephalosporin;monobactam
PDC-174,carbapenem;cephalosporin;monobactam
PDC-175,carbapenem;cephalosporin;monobactam
PDC-176,carbapenem;cephalosporin;monobactam
PDC-177,carbapenem;cephalosporin;monobactam
PDC-178,carbapenem;cephalosporin;monobactam
PDC-179,carbapenem;cephalosporin;monobactam
PDC-18,carbapenem;cephalosporin;monobactam
PDC-180,carbapenem;cephalosporin;monobactam
PDC-181,carbapenem;cephalosporin;monobactam
PDC-182,carbapenem;cephalosporin;monobactam
PDC-183,carbapenem;cephalosporin;monobactam
PDC-184,carbapenem;cephalosporin;monobactam
PDC-185,carbapenem;cephalosporin;monobactam
PDC-186,carbapenem;cephalosporin;monobactam
PDC-187,carbapenem;cephalosporin;monobactam
PDC-188,carbapenem;cephalosporin;monobactam
PDC-189,carbapenem;cephalosporin;monobactam
PDC-190,carbapenem;cephalosporin;monobactam
PDC-191,carbapenem;cephalosporin;monobactam
PDC-192,carbapenem;cephalosporin;monobactam
PDC-193,carbapenem;cephalosporin;monobactam
PDC-194,carbapenem;cephalosporin;monobactam
PDC-195,carbapenem;cephalosporin;monobactam
PDC-196,carbapenem;cephalosporin;monobactam
PDC-197,carbapenem;cephalosporin;monobactam
PDC-198,carbapenem;cephalosporin;monobactam
PDC-199,carbapenem;cephalosporin;monobactam
PDC-19a,carbapenem;cephalosporin;monobactam
PDC-19b,carbapenem;cephalosporin;monobactam
PDC-2,carbapenem;cephalosporin;monobactam
PDC-20,carbapenem;cephalosporin;monobactam
PDC-200,carbapenem;cephalosporin;monobactam
PDC-201,carbapenem;cephalosporin;monobactam
PDC-202,carbapenem;cephalosporin;monobactam
PDC-203,carbapenem;cephalosporin;monobactam
PDC-204,carbapenem;cephalosporin;monobactam
PDC-205,carbapenem;cephalosporin;monobactam
PDC-206,carbapenem;cephalosporin;monobactam
PDC-207,carbapenem;cephalosporin;monobactam
PDC-208,carbapenem;cephalosporin;monobactam
PDC-209,carbapenem;cephalosporin;monobactam
PDC-210,carbapenem;cephalosporin;monobactam
PDC-211,carbapenem;cephalosporin;monobactam
PDC-212,carbapenem;cephalosporin;monobactam
PDC-213,carbapenem;cephalosporin;monobactam
PDC-214,carbapenem;cephalosporin;monobactam
PDC-215,carbapenem;cephalosporin;monobactam
PDC-216,carbapenem;cephalosporin;monobactam
PDC-217,carbapenem;cephalosporin;monobactam
PDC-218,carbapenem;cephalosporin;monobactam
PDC-219,carbapenem;cephalosporin;monobactam
PDC-21a,carbapenem;cephalosporin;monobactam
PDC-21b,carbapenem;cephalosporin;monobactam
PDC-22,carbapenem;cephalosporin;monobactam
PDC-220,carbapenem;cephalosporin;monobactam
PDC-221,carbapenem;cephalosporin;monobactam
PDC-222,carbapenem;cephalosporin;monobactam
PDC-223,carbapenem;cephalosporin;monobactam
PDC-224,carbapenem;cephalosporin;monobactam
PDC-225,carbapenem;cephalosporin;monobactam
PDC-226,carbapenem;cephalosporin;monobactam
PDC-227,carbapenem;cephalosporin;monobactam
PDC-228,carbapenem;cephalosporin;monobactam
PDC-229,carbapenem;cephalosporin;monobactam
PDC-23,carbapenem;cephalosporin;monobactam
PDC-230,carbapenem;cephalosporin;monobactam
PDC-231,carbapenem;cephalosporin;monobactam
PDC-232,carbapenem;cephalosporin;monobactam
PDC-233,carbapenem;cephalosporin;monobactam
PDC-234,carbapenem;cephalosporin;monobactam
PDC-235,carbapenem;cephalosporin;monobactam
PDC-236,carbapenem;cephalosporin;monobactam
PDC-237,carbapenem;cephalosporin;monobactam
PDC-238,carbapenem;cephalosporin;monobactam
PDC-239,carbapenem;cephalosporin;monobactam
PDC-24,carbapenem;cephalosporin;monobactam
PDC-240,carbapenem;cephalosporin;monobactam
PDC-241,carbapenem;cephalosporin;monobactam
PDC-242,carbapenem;cephalosporin;monobactam
PDC-243,carbapenem;cephalosporin;monobactam
PDC-244,carbapenem;cephalosporin;monobactam
PDC-245,carbapenem;cephalosporin;monobactam
PDC-246,carbapenem;cephalosporin;monobactam
PDC-247,carbapenem;cephalosporin;monobactam
PDC-248,carbapenem;cephalosporin;monobactam
PDC-249,carbapenem;cephalosporin;monobactam
PDC-25,carbapenem;cephalosporin;monobactam
PDC-250,carbapenem;cephalosporin;monobactam
PDC-251,carbapenem;cephalosporin;monobactam
PDC-252,carbapenem;cephalosporin;monobactam
PDC-253,carbapenem;cephalosporin;monobactam
PDC-254,carbapenem;cephalosporin;monobactam
PDC-255,carbapenem;cephalosporin;monobactam
PDC-256,carbapenem;cephalosporin;monobactam
PDC-257,carbapenem;cephalosporin;monobactam
PDC-258,carbapenem;cephalosporin;monobactam
PDC-259,carbapenem;cephalosporin;monobactam
PDC-26,carbapenem;cephalosporin;monobactam
PDC-260,carbapenem;cephalosporin;monobactam
PDC-261,carbapenem;cephalosporin;monobactam
PDC-262,carbapenem;cephalosporin;monobactam
PDC-263,carbapenem;cephalosporin;monobactam
PDC-264,carbapenem;cephalosporin;monobactam
PDC-265,carbapenem;cephalosporin;monobactam
PDC-266,carbapenem;cephalosporin;monobactam
PDC-267,carbapenem;cephalosporin;monobactam
PDC-268,carbapenem;cephalosporin;monobactam
PDC-270,carbapenem;cephalosporin;monobactam
PDC-271,carbapenem;cephalosporin;monobactam
PDC-272,carbapenem;cephalosporin;monobactam
PDC-273,carbapenem;cephalosporin;monobactam
PDC-274,carbapenem;cephalosporin;monobactam
PDC-275,carbapenem;cephalosporin;monobactam
PDC-276,carbapenem;cephalosporin;monobactam
PDC-277,carbapenem;cephalosporin;monobactam
PDC-278,carbapenem;cephalosporin;monobactam
PDC-279,carbapenem;cephalosporin;monobactam
PDC-28,carbapenem;cephalosporin;monobactam
PDC-280,carbapenem;cephalosporin;monobactam
PDC-281,carbapenem;cephalosporin;monobactam
PDC-282,carbapenem;cephalosporin;monobactam
PDC-283,carbapenem;cephalosporin;monobactam
PDC-284,carbapenem;cephalosporin;monobactam
PDC-285,carbapenem;cephalosporin;monobactam
PDC-286,carbapenem;cephalosporin;monobactam
PDC-287,carbapenem;cephalosporin;monobactam
PDC-288,carbapenem;cephalosporin;monobactam
PDC-289,carbapenem;cephalosporin;monobactam
PDC-290,carbapenem;cephalosporin;monobactam
PDC-291,carbapenem;cephalosporin;monobactam
PDC-292,carbapenem;cephalosporin;monobactam
PDC-293,carbapenem;cephalosporin;monobactam
PDC-294,carbapenem;cephalosporin;monobactam
PDC-295,carbapenem;cephalosporin;monobactam
PDC-296,carbapenem;cephalosporin;monobactam
PDC-297,carbapenem;cephalosporin;monobactam
PDC-298,carbapenem;cephalosporin;monobactam
PDC-299,carbapenem;cephalosporin;monobactam
PDC-3,carbapenem;cephalosporin;cephamycin;monobactam;penem
PDC-30,carbapenem;cephalosporin;monobactam
PDC-300,carbapenem;cephalosporin;monobactam
PDC-301,carbapenem;cephalosporin;monobactam
PDC-302,carbapenem;cephalosporin;monobactam
PDC-303,carbapenem;cephalosporin;monobactam
PDC-304,carbapenem;cephalosporin;monobactam
PDC-305,carbapenem;cephalosporin;monobactam
PDC-306,carbapenem;cephalosporin;monobactam
PDC-307,carbapenem;cephalosporin;monobactam
PDC-308,carbapenem;cephalosporin;monobactam
PDC-309,carbapenem;cephalosporin;monobactam
PDC-31,carbapenem;cephalosporin;monobactam
PDC-310,carbapenem;cephalosporin;monobactam
PDC-311,carbapenem;cephalosporin;monobactam
PDC-312,carbapenem;cephalosporin;monobactam
PDC-313,carbapenem;cephalosporin;monobactam
PDC-314,carbapenem;cephalosporin;monobactam
PDC-315,carbapenem;cephalosporin;monobactam
PDC-316,carbapenem;cephalosporin;monobactam
PDC-317,carbapenem;cephalosporin;monobactam
PDC-318,carbapenem;cephalosporin;monobactam
PDC-319,carbapenem;cephalosporin;monobactam
PDC-32,carbapenem;cephalosporin;monobactam
PDC-320,carbapenem;cephalosporin;monobactam
PDC-321,carbapenem;cephalosporin;monobactam
PDC-322,carbapenem;cephalosporin;monobactam
PDC-323,carbapenem;cephalosporin;monobactam
PDC-324,carbapenem;cephalosporin;monobactam
PDC-325,carbapenem;cephalosporin;monobactam
PDC-326,carbapenem;cephalosporin;monobactam
PDC-327,carbapenem;cephalosporin;monobactam
PDC-328,carbapenem;cephalosporin;monobactam
PDC-329,carbapenem;cephalosporin;monobactam
PDC-33,carbapenem;cephalosporin;monobactam
PDC-330,carbapenem;cephalosporin;monobactam
PDC-331,carbapenem;cephalosporin;monobactam
PDC-332,carbapenem;cephalosporin;monobactam
PDC-333,carbapenem;cephalosporin;monobactam
PDC-334,carbapenem;cephalosporin;monobactam
PDC-335,carbapenem;cephalosporin;monobactam
PDC-336,carbapenem;cephalosporin;monobactam
PDC-337,carbapenem;cephalosporin;monobactam
PDC-338,carbapenem;cephalosporin;monobactam
PDC-339,carbapenem;cephalosporin;monobactam
PDC-34,carbapenem;cephalosporin;monobactam
PDC-340,carbapenem;cephalosporin;monobactam
PDC-341,carbapenem;cephalosporin;monobactam
PDC-342,carbapenem;cephalosporin;monobactam
PDC-343,carbapenem;cephalosporin;monobactam
PDC-344,carbapenem;cephalosporin;monobactam
PDC-345,carbapenem;cephalosporin;monobactam
PDC-346,carbapenem;cephalosporin;monobactam
PDC-347,carbapenem;cephalosporin;monobactam
PDC-348,carbapenem;cephalosporin;monobactam
PDC-349,carbapenem;cephalosporin;monobactam
PDC-35,carbapenem;cephalosporin;monobactam
PDC-350,carbapenem;cephalosporin;monobactam
PDC-351,carbapenem;cephalosporin;monobactam
PDC-352,carbapenem;cephalosporin;monobactam
PDC-353,carbapenem;cephalosporin;monobactam
PDC-354,carbapenem;cephalosporin;monobactam
PDC-355,carbapenem;cephalosporin;monobactam
PDC-356,carbapenem;cephalosporin;monobactam
PDC-357,carbapenem;cephalosporin;monobactam
PDC-358,carbapenem;cephalosporin;monobactam
PDC-359,carbapenem;cephalosporin;monobactam
PDC-36,carbapenem;cephalosporin;monobactam
PDC-360,carbapenem;cephalosporin;monobactam
PDC-361,carbapenem;cephalosporin;monobactam
PDC-362,carbapenem;cephalosporin;monobactam
PDC-363,carbapenem;cephalosporin;monobactam
PDC-364,carbapenem;cephalosporin;monobactam
PDC-365,carbapenem;cephalosporin;monobactam
PDC-366,carbapenem;cephalosporin;monobactam
PDC-367,carbapenem;cephalosporin;monobactam
PDC-368,carbapenem;cephalosporin;monobactam
PDC-369,carbapenem;cephalosporin;monobactam
PDC-37,carbapenem;cephalosporin;monobactam
PDC-370,carbapenem;cephalosporin;monobactam
PDC-371,carbapenem;cephalosporin;monobactam
PDC-372,carbapenem;cephalosporin;monobactam
PDC-373,carbapenem;cephalosporin;monobactam
PDC-374,carbapenem;cephalosporin;monobactam
PDC-375,carbapenem;cephalosporin;monobactam
PDC-376,carbapenem;cephalosporin;monobactam
PDC-377,carbapenem;cephalosporin;monobactam
PDC-378,carbapenem;cephalosporin;monobactam
PDC-379,carbapenem;cephalosporin;monobactam
PDC-38,carbapenem;cephalosporin;monobactam
PDC-380,carbapenem;cephalosporin;monobactam
PDC-381,carbapenem;cephalosporin;monobactam
PDC-382,carbapenem;cephalosporin;monobactam
PDC-383,carbapenem;cephalosporin;monobactam
PDC-384,carbapenem;cephalosporin;monobactam
PDC-385,carbapenem;cephalosporin;monobactam
PDC-386,carbapenem;cephalosporin;monobactam
PDC-387,carbapenem;cephalosporin;monobactam
PDC-388,carbapenem;cephalosporin;monobactam
PDC-389,carbapenem;cephalosporin;monobactam
PDC-39,carbapenem;cephalosporin;monobactam
PDC-390,carbapenem;cephalosporin;monobactam
PDC-391,carbapenem;cephalosporin;monobactam
PDC-392,carbapenem;cephalosporin;monobactam
PDC-393,carbapenem;cephalosporin;monobactam
PDC-394,carbapenem;cephalosporin;monobactam
PDC-395,carbapenem;cephalosporin;monobactam
PDC-396,carbapenem;cephalosporin;monobactam
PDC-397,carbapenem;cephalosporin;monobactam
PDC-398,carbapenem;cephalosporin;monobactam
PDC-399,carbapenem;cephalosporin;monobactam
PDC-4,carbapenem;cephalosporin;monobactam
PDC-40,carbapenem;cephalosporin;monobactam
PDC-400,carbapenem;cephalosporin;monobactam
PDC-401,carbapenem;cephalosporin;monobactam
PDC-402,carbapenem;cephalosporin;monobactam
PDC-403,carbapenem;cephalosporin;monobactam
PDC-404,carbapenem;cephalosporin;monobactam
PDC-405,carbapenem;cephalosporin;monobactam
PDC-406,carbapenem;cephalosporin;monobactam
PDC-407,carbapenem;cephalosporin;monobactam
PDC-408,carbapenem;cephalosporin;monobactam
PDC-409,carbapenem;cephalosporin;monobactam
PDC-41,carbapenem;cephalosporin;monobactam
PDC-410,carbapenem;cephalosporin;monobactam
PDC-411,carbapenem;cephalosporin;monobactam
PDC-412,carbapenem;cephalosporin;monobactam
PDC-413,carbapenem;cephalosporin;monobactam
PDC-414,carbapenem;cephalosporin;monobactam
PDC-415,carbapenem;cephalosporin;monobactam
PDC-416,carbapenem;cephalosporin;monobactam
PDC-417,carbapenem;cephalosporin;monobactam
PDC-418,carbapenem;cephalosporin;monobactam
PDC-419,carbapenem;cephalosporin;monobactam
PDC-42,carbapenem;cephalosporin;monobactam
PDC-420,carbapenem;cephalosporin;monobactam
PDC-421,carbapenem;cephalosporin;monobactam
PDC-422,carbapenem;cephalosporin;monobactam
PDC-423,carbapenem;cephalosporin;monobactam
PDC-424,carbapenem;cephalosporin;monobactam
PDC-425,carbapenem;cephalosporin;monobactam
PDC-426,carbapenem;cephalosporin;monobactam
PDC-427,carbapenem;cephalosporin;monobactam
PDC-428,carbapenem;cephalosporin;monobactam
PDC-429,carbapenem;cephalosporin;monobactam
PDC-43,carbapenem;cephalosporin;monobactam
PDC-430,carbapenem;cephalosporin;monobactam
PDC-431,carbapenem;cephalosporin;monobactam
PDC-432,carbapenem;cephalosporin;monobactam
PDC-433,carbapenem;cephalosporin;monobactam
PDC-434,carbapenem;cephalosporin;monobactam
PDC-435,carbapenem;cephalosporin;monobactam
PDC-436,carbapenem;cephalosporin;monobactam
PDC-437,carbapenem;cephalosporin;monobactam
PDC-438,carbapenem;cephalosporin;monobactam
PDC-439,carbapenem;cephalosporin;monobactam
PDC-44,carbapenem;cephalosporin;monobactam
PDC-440,carbapenem;cephalosporin;monobactam
PDC-441,carbapenem;cephalosporin;monobactam
PDC-442,carbapenem;cephalosporin;monobactam
PDC-443,carbapenem;cephalosporin;monobactam
PDC-444,carbapenem;cephalosporin;monobactam
PDC-445,carbapenem;cephalosporin;monobactam
PDC-446,carbapenem;cephalosporin;monobactam
PDC-447,carbapenem;cephalosporin;monobactam
PDC-448,carbapenem;cephalosporin;monobactam
PDC-449,carbapenem;cephalosporin;monobactam
PDC-45,carbapenem;cephalosporin;monobactam
PDC-450,carbapenem;cephalosporin;monobactam
PDC-451,carbapenem;cephalosporin;monobactam
PDC-452,carbapenem;cephalosporin;monobactam
PDC-453,carbapenem;cephalosporin;monobactam
PDC-454,carbapenem;cephalosporin;monobactam
PDC-455,carbapenem;cephalosporin;monobactam
PDC-456,carbapenem;cephalosporin;monobactam
PDC-457,carbapenem;cephalosporin;monobactam
PDC-458,carbapenem;cephalosporin;monobactam
PDC-459,carbapenem;cephalosporin;monobactam
PDC-46,carbapenem;cephalosporin;monobactam
PDC-460,carbapenem;cephalosporin;monobactam
PDC-461,carbapenem;cephalosporin;monobactam
PDC-462,carbapenem;cephalosporin;monobactam
PDC-463,carbapenem;cephalosporin;monobactam
PDC-464,carbapenem;cephalosporin;monobactam
PDC-465,carbapenem;cephalosporin;monobactam
PDC-466,carbapenem;cephalosporin;monobactam
PDC-467,carbapenem;cephalosporin;monobactam
PDC-468,carbapenem;cephalosporin;monobactam
PDC-469,carbapenem;cephalosporin;monobactam
PDC-47,carbapenem;cephalosporin;monobactam
PDC-470,carbapenem;cephalosporin;monobactam
PDC-471,carbapenem;cephalosporin;monobactam
PDC-472,carbapenem;cephalosporin;monobactam
PDC-473,carbapenem;cephalosporin;monobactam
PDC-474,carbapenem;cephalosporin;monobactam
PDC-475,carbapenem;cephalosporin;monobactam
PDC-476,carbapenem;cephalosporin;monobactam
PDC-48,carbapenem;cephalosporin;monobactam
PDC-49,carbapenem;cephalosporin;monobactam
PDC-5,carbapenem;cephalosporin;cephamycin;monobactam;penem
PDC-50,carbapenem;cephalosporin;monobactam
PDC-51,carbapenem;cephalosporin;monobactam
PDC-52,carbapenem;cephalosporin;monobactam
PDC-53,carbapenem;cephalosporin;monobactam
PDC-54,carbapenem;cephalosporin;monobactam
PDC-55,carbapenem;cephalosporin;monobactam
PDC-56,carbapenem;cephalosporin;monobactam
PDC-57,carbapenem;cephalosporin;monobactam
PDC-58,carbapenem;cephalosporin;monobactam
PDC-59,carbapenem;cephalosporin;monobactam
PDC-6,carbapenem;cephalosporin;monobactam
PDC-60,carbapenem;cephalosporin;monobactam
PDC-61,carbapenem;cephalosporin;monobactam
PDC-62,carbapenem;cephalosporin;monobactam
PDC-63,carbapenem;cephalosporin;monobactam
PDC-64,carbapenem;cephalosporin;monobactam
PDC-65,carbapenem;cephalosporin;monobactam
PDC-66,carbapenem;cephalosporin;monobactam
PDC-67,carbapenem;cephalosporin;monobactam
PDC-68,carbapenem;cephalosporin;monobactam
PDC-69,carbapenem;cephalosporin;monobactam
PDC-7,carbapenem;cephalosporin;monobactam
PDC-70,carbapenem;cephalosporin;monobactam
PDC-71,carbapenem;cephalosporin;monobactam
PDC-72,carbapenem;cephalosporin;monobactam
PDC-73,carbapenem;cephalosporin;monobactam
PDC-74,carbapenem;cephalosporin;monobactam
PDC-75,carbapenem;cephalosporin;monobactam
PDC-76,carbapenem;cephalosporin;monobactam
PDC-77,carbapenem;cephalosporin;monobactam
PDC-78,carbapenem;cephalosporin;monobactam
PDC-79,carbapenem;cephalosporin;monobactam
PDC-8,carbapenem;cephalosporin;monobactam
PDC-80,carbapenem;cephalosporin;monobactam
PDC-81,carbapenem;cephalosporin;monobactam
PDC-82,carbapenem;cephalosporin;monobactam
PDC-83,carbapenem;cephalosporin;monobactam
PDC-84,carbapenem;cephalosporin;monobactam
PDC-85,carbapenem;cephalosporin;monobactam
PDC-86,carbapenem;cephalosporin;monobactam
PDC-87,carbapenem;cephalosporin;monobactam
PDC-88,carbapenem;cephalosporin;monobactam
PDC-89,carbapenem;cephalosporin;monobactam
PDC-9,carbapenem;cephalosporin;monobactam
PDC-90,carbapenem;cephalosporin;monobactam
PDC-91,carbapenem;cephalosporin;monobactam
PDC-92,carbapenem;cephalosporin;monobactam
PDC-93,carbapenem;cephalosporin;monobactam
PDC-94,carbapenem;cephalosporin;monobactam
PDC-95,carbapenem;cephalosporin;monobactam
PDC-96,carbapenem;cephalosporin;monobactam
PDC-97,carbapenem;cephalosporin;monobactam
PDC-98,carbapenem;cephalosporin;monobactam
PDC-99,carbapenem;cephalosporin;monobactam
PEDO-1,carbapenem
PEDO-2,carbapenem
PEDO-3,carbapenem
PER-1,carbapenem;cephalosporin;monobactam;penem;penem
PER-10,carbapenem;cephalosporin;monobactam;penem;penem
PER-11,carbapenem;cephalosporin;monobactam;penem;penem
PER-12,carbapenem;cephalosporin;monobactam;penem;penem
PER-13,carbapenem;cephalosporin;monobactam;penem;penem
PER-14,carbapenem;cephalosporin;monobactam;penem;penem
PER-15,carbapenem;cephalosporin;monobactam;penem;penem
PER-16,carbapenem;cephalosporin;monobactam;penem;penem
PER-2,carbapenem;cephalosporin;monobactam;penem;penem
PER-3,carbapenem;cephalosporin;monobactam;penem;penem
PER-4,carbapenem;cephalosporin;monobactam;penem;penem
PER-5,carbapenem;cephalosporin;monobactam;penem;penem
PER-6,carbapenem;cephalosporin;monobactam;penem;penem
PER-7,carbapenem;cephalosporin;monobactam;penem;penem
PER-8,carbapenem;cephalosporin;monobactam;penem;penem
PER-9,carbapenem;cephalosporin;monobactam;penem;penem
pexA,phenicol antibiotic
PFM-1,carbapenem
PFM-2,carbapenem
PFM-3,carbapenem
PFM-4,carbapenem
pgpB,peptide antibiotic
PJM-1,carbapenem;cephalosporin;cephamycin;penem
PLA-1,carbapenem;cephalosporin
PLA-2a,carbapenem;cephalosporin
PLA-3,carbapenem;cephalosporin
PLA-6,carbapenem;cephalosporin
PLN-1,carbapenem
PME-1,carbapenem
Pmir_dfrA6,diaminopyrimidine antibiotic
PmpM,aminoglycoside antibiotic;disinfecting agents and antiseptics;fluoroquinolone antibiotic
pmrA,fluoroquinolone antibiotic
PmrF,peptide antibiotic
Pmul_16S_SPT,aminoglycoside antibiotic;glycopeptide antibiotic;glycylcycline;nucleoside antibiotic;peptide antibiotic;tetracycline antibiotic
PNGM-1,carbapenem;cephalosporin;penem
POM-1,carbapenem
POM-2,carbapenem
porin_OmpC,carbapenem;cephalosporin;cephamycin;monobactam;penem;penem
poxtA,oxazolidinone antibiotic;phenicol antibiotic;tetracycline antibiotic
pp_cat,phenicol antibiotic
pp-flo,phenicol antibiotic
PRC-1,cephalosporin;penem
Prop_23S_MAC,glycopeptide antibiotic;lincosamide antibiotic;macrolide antibiotic;phenicol antibiotic;pleuromutilin antibiotic;streptogramin A antibiotic;streptogramin B antibiotic;streptogramin antibiotic
Pros_EFTu_GE2A,elfamycin antibiotic
PST-1,carbapenem
PST-2,carbapenem
PSV-1,carbapenem;cephalosporin
PSZ-1,cephalosporin;cephamycin;penem
PvrR,aminoglycoside antibiotic;penem;tetracycline antibiotic
qacA,fluoroquinolone antibiotic
qacB,fluoroquinolone antibiotic
qacE,disinfecting agents and antiseptics
qacEdelta1,disinfecting agents and antiseptics
qacG,disinfecting agents and antiseptics
qacH,disinfecting agents and antiseptics
qacJ,disinfecting agents and antiseptics
qacL,disinfecting agents and antiseptics
QepA1,fluoroquinolone antibiotic
QepA2,fluoroquinolone antibiotic
QepA3,fluoroquinolone antibiotic
QepA4,fluoroquinolone antibiotic
QnrA1,fluoroquinolone antibiotic
QnrA2,fluoroquinolone antibiotic
QnrA3,fluoroquinolone antibiotic
QnrA4,fluoroquinolone antibiotic
QnrA5,fluoroquinolone antibiotic
QnrA6,fluoroquinolone antibiotic
QnrA7,fluoroquinolone antibiotic
QnrAS,fluoroquinolone antibiotic
QnrB1,fluoroquinolone antibiotic
QnrB10,fluoroquinolone antibiotic
QnrB11,fluoroquinolone antibiotic
QnrB12,fluoroquinolone antibiotic
QnrB13,fluoroquinolone antibiotic
QnrB14,fluoroquinolone antibiotic
QnrB15,fluoroquinolone antibiotic
QnrB16,fluoroquinolone antibiotic
QnrB17,fluoroquinolone antibiotic
QnrB18,fluoroquinolone antibiotic
QnrB19,fluoroquinolone antibiotic
QnrB2,fluoroquinolone antibiotic
QnrB20,fluoroquinolone antibiotic
QnrB21,fluoroquinolone antibiotic
QnrB22,fluoroquinolone antibiotic
QnrB23,fluoroquinolone antibiotic
QnrB24,fluoroquinolone antibiotic
QnrB25,fluoroquinolone antibiotic
QnrB26,fluoroquinolone antibiotic
QnrB27,fluoroquinolone antibiotic
QnrB28,fluoroquinolone antibiotic
QnrB29,fluoroquinolone antibiotic
QnrB3,fluoroquinolone antibiotic
QnrB30,fluoroquinolone antibiotic
QnrB31,fluoroquinolone antibiotic
QnrB32,fluoroquinolone antibiotic
QnrB33,fluoroquinolone antibiotic
QnrB34,fluoroquinolone antibiotic
QnrB35,fluoroquinolone antibiotic
QnrB36,fluoroquinolone antibiotic
QnrB37,fluoroquinolone antibiotic
QnrB38,fluoroquinolone antibiotic
QnrB39,fluoroquinolone antibiotic
QnrB4,fluoroquinolone antibiotic
QnrB40,fluoroquinolone antibiotic
QnrB41,fluoroquinolone antibiotic
QnrB42,fluoroquinolone antibiotic
QnrB43,fluoroquinolone antibiotic
QnrB44,fluoroquinolone antibiotic
QnrB45,fluoroquinolone antibiotic
QnrB46,fluoroquinolone antibiotic
QnrB47,fluoroquinolone antibiotic
QnrB48,fluoroquinolone antibiotic
QnrB49,fluoroquinolone antibiotic
QnrB5,fluoroquinolone antibiotic
QnrB50,fluoroquinolone antibiotic
QnrB54,fluoroquinolone antibiotic
QnrB55,fluoroquinolone antibiotic
QnrB56,fluoroquinolone antibiotic
QnrB57,fluoroquinolone antibiotic
QnrB58,fluoroquinolone antibiotic
QnrB59,fluoroquinolone antibiotic
QnrB6,fluoroquinolone antibiotic
QnrB60,fluoroquinolone antibiotic
QnrB61,fluoroquinolone antibiotic
QnrB62,fluoroquinolone antibiotic
QnrB64,fluoroquinolone antibiotic
QnrB65,fluoroquinolone antibiotic
QnrB66,fluoroquinolone antibiotic
QnrB67,fluoroquinolone antibiotic
QnrB68,fluoroquinolone antibiotic
QnrB69,fluoroquinolone antibiotic
QnrB7,fluoroquinolone antibiotic
QnrB70,fluoroquinolone antibiotic
QnrB71,fluoroquinolone antibiotic
QnrB72,fluoroquinolone antibiotic
QnrB73,fluoroquinolone antibiotic
QnrB74,fluoroquinolone antibiotic
QnrB75,fluoroquinolone antibiotic
QnrB76,fluoroquinolone antibiotic
QnrB77,fluoroquinolone antibiotic
QnrB78,fluoroquinolone antibiotic
QnrB8,fluoroquinolone antibiotic
QnrB80,fluoroquinolone antibiotic
QnrB9,fluoroquinolone antibiotic
QnrC,fluoroquinolone antibiotic
QnrD1,fluoroquinolone antibiotic
QnrD2,fluoroquinolone antibiotic
qnrE1,fluoroquinolone antibiotic
qnrE2,fluoroquinolone antibiotic
QnrS1,fluoroquinolone antibiotic
QnrS10,fluoroquinolone antibiotic
QnrS11,fluoroquinolone antibiotic
QnrS12,fluoroquinolone antibiotic
QnrS15,fluoroquinolone antibiotic
QnrS2,fluoroquinolone antibiotic
QnrS3,fluoroquinolone antibiotic
QnrS4,fluoroquinolone antibiotic
QnrS5,fluoroquinolone antibiotic
QnrS6,fluoroquinolone antibiotic
QnrS7,fluoroquinolone antibiotic
QnrS8,fluoroquinolone antibiotic
QnrS9,fluoroquinolone antibiotic
QnrVC1,fluoroquinolone antibiotic
QnrVC3,fluoroquinolone antibiotic
QnrVC4,fluoroquinolone antibiotic
QnrVC5,fluoroquinolone antibiotic
QnrVC6,fluoroquinolone antibiotic
QnrVC7,fluoroquinolone antibiotic
R39,penem
RAD-1,carbapenem;cephalosporin
RAHN-1,cephalosporin
RAHN-2,cephalosporin
ramA,carbapenem;cephalosporin;cephamycin;disinfecting agents and antiseptics;fluoroquinolone antibiotic;glycylcycline;monobactam;penem;penem;phenicol antibiotic;rifamycin antibiotic;tetracycline antibiotic
RanA,aminoglycoside antibiotic
RanB,aminoglycoside antibiotic
RbpA,rifamycin antibiotic
RCP-1,penem
Rfas_cmr,phenicol antibiotic
rgt1438,rifamycin antibiotic
RlmA(II),lincosamide antibiotic;macrolide antibiotic
Rm3,carbapenem;cephalosporin;penem
rmtA,aminoglycoside antibiotic
rmtB,aminoglycoside antibiotic
rmtC,aminoglycoside antibiotic
rmtD,aminoglycoside antibiotic
rmtD2,aminoglycoside antibiotic
rmtE,aminoglycoside antibiotic
rmtE2,aminoglycoside antibiotic
rmtF,aminoglycoside antibiotic
rmtG,aminoglycoside antibiotic
rmtH,aminoglycoside antibiotic
ROB-1,cephalosporin;penem
ROB-10,cephalosporin;penem
ROB-11,cephalosporin;penem
ROB-12,cephalosporin;penem
ROB-13,cephalosporin;penem
ROB-2,cephalosporin;penem
ROB-3,cephalosporin;penem
ROB-4,cephalosporin;penem
ROB-5,cephalosporin;penem
ROB-6,cephalosporin;penem
ROB-7,cephalosporin;penem
ROB-8,cephalosporin;penem
rosA,peptide antibiotic
rosB,peptide antibiotic
rphA,rifamycin antibiotic
rphB,rifamycin antibiotic
rpoB2,peptide antibiotic;rifamycin antibiotic
rpsJ,tetracycline antibiotic
RSA1-1,carbapenem;cephalosporin
RSA2-1,carbapenem
RSD2-1,carbapenem;cephalosporin
RSD2-2,carbapenem;cephalosporin
rsmA,diaminopyrimidine antibiotic;fluoroquinolone antibiotic;phenicol antibiotic
Rsph_ampC_BLA,cephalosporin;penem
RUB-1,cephalosporin
Rv1877,fluoroquinolone antibiotic
Rv2856,aminoglycoside antibiotic;fluoroquinolone antibiotic;isoniazid-like antibiotic
Saga_mprF,peptide antibiotic
salA,lincosamide antibiotic;pleuromutilin antibiotic;streptogramin A antibiotic;streptogramin antibiotic
salB,lincosamide antibiotic;pleuromutilin antibiotic;streptogramin A antibiotic;streptogramin antibiotic
salC,lincosamide antibiotic;pleuromutilin antibiotic;streptogramin A antibiotic;streptogramin antibiotic
salD,lincosamide antibiotic;pleuromutilin antibiotic;streptogramin A antibiotic;streptogramin antibiotic
salE,lincosamide antibiotic;pleuromutilin antibiotic;streptogramin A antibiotic;streptogramin antibiotic
Samb_23S_MAC,glycopeptide antibiotic;lincosamide antibiotic;macrolide antibiotic;phenicol antibiotic;pleuromutilin antibiotic;streptogramin A antibiotic;streptogramin B antibiotic;streptogramin antibiotic
SAT-2,nucleoside antibiotic
SAT-3,nucleoside antibiotic
SAT-4,nucleoside antibiotic
SatA,nucleoside antibiotic
Saur_23S_LZD,glycopeptide antibiotic;lincosamide antibiotic;macrolide antibiotic;oxazolidinone antibiotic;phenicol antibiotic;pleuromutilin antibiotic;streptogramin A antibiotic;streptogramin B antibiotic;streptogramin antibiotic
Saur_agrA_DAP,peptide antibiotic
Saur_cls_DAP,peptide antibiotic
Saur_FosB,phosphonic acid antibiotic
Saur_fusA_FA,fusidane antibiotic
Saur_fusE_FA,fusidane antibiotic
Saur_GlpT_FOF,phosphonic acid antibiotic
Saur_gyrA_FLO,fluoroquinolone antibiotic;nybomycin-like antibiotic
Saur_gyrB_AMU,aminocoumarin antibiotic
Saur_ileS_MUP,mupirocin-like antibiotic
Saur_LmrS,aminoglycoside antibiotic;diaminopyrimidine antibiotic;macrolide antibiotic;oxazolidinone antibiotic;phenicol antibiotic
Saur_menA_LYS,peptide antibiotic
Saur_mprF,peptide antibiotic
Saur_mprF_DAP,peptide antibiotic
Saur_mupA_MUP,mupirocin-like antibiotic
Saur_mupB_MUP,mupirocin-like antibiotic
Saur_murA_FOF,phosphonic acid antibiotic
Saur_norA,fluoroquinolone antibiotic
Saur_parC_FLO,fluoroquinolone antibiotic
Saur_parE_AMU,aminocoumarin antibiotic
Saur_parE_FLO,fluoroquinolone antibiotic
Saur_pgsA_DAP,peptide antibiotic
Saur_rpoB_DAP,peptide antibiotic;rifamycin antibiotic
Saur_rpoB_RIF,peptide antibiotic;rifamycin antibiotic
Saur_rpoC_DAP,peptide antibiotic
Saur_UhpT_FOF,phosphonic acid antibiotic
Saur_walK_DAP,peptide antibiotic
sav1866,disinfecting agents and antiseptics
Scin_EFTu_ELF,elfamycin antibiotic
SCO-1,cephalosporin;penem;penem
Scoh_vga(E),lincosamide antibiotic;pleuromutilin antibiotic;streptogramin A antibiotic;streptogramin antibiotic
sdiA,cephalosporin;disinfecting agents and antiseptics;fluoroquinolone antibiotic;glycylcycline;penem;phenicol antibiotic;rifamycin antibiotic;tetracycline antibiotic
sdrM,disinfecting agents and antiseptics;fluoroquinolone antibiotic
Sed-1,cephalosporin;penem;penem
Sent_16S_SPT,aminoglycoside antibiotic;glycopeptide antibiotic;glycylcycline;nucleoside antibiotic;peptide antibiotic;tetracycline antibiotic
Sent_cmlA,phenicol antibiotic
Sent_gyrA_FLO,fluoroquinolone antibiotic;nybomycin-like antibiotic
Sent_gyrA_TRC,disinfecting agents and antiseptics
Sent_parC_FLO,fluoroquinolone antibiotic
Sent_ramR,cephalosporin;disinfecting agents and antiseptics;fluoroquinolone antibiotic;glycylcycline;penem;phenicol antibiotic;rifamycin antibiotic;tetracycline antibiotic
Sent_soxR_MULT,cephalosporin;disinfecting agents and antiseptics;fluoroquinolone antibiotic;glycylcycline;penem;phenicol antibiotic;rifamycin antibiotic;tetracycline antibiotic
Sent_soxS_MULT,carbapenem;cephalosporin;cephamycin;disinfecting agents and antiseptics;fluoroquinolone antibiotic;glycylcycline;monobactam;penem;penem;phenicol antibiotic;rifamycin antibiotic;tetracycline antibiotic
sepA,disinfecting agents and antiseptics
SFB-1,cephalosporin;penem
SFC-1,carbapenem
SFH-1,carbapenem
Sfle_acrA,cephalosporin;disinfecting agents and antiseptics;fluoroquinolone antibiotic;glycylcycline;penem;phenicol antibiotic;rifamycin antibiotic;tetracycline antibiotic
Sfle_gyrA_FLO,fluoroquinolone antibiotic;nybomycin-like antibiotic
Sfle_parC_FLO,fluoroquinolone antibiotic
SFO-1,carbapenem
Sfra_tlrB_TYL,lincosamide antibiotic;macrolide antibiotic
Sgal_folP_SLF,sulfonamide antibiotic;sulfone antibiotic
sgm,aminoglycoside antibiotic
SGM-1,carbapenem
SGM-2,carbapenem
SGM-3,carbapenem
SGM-4,carbapenem
SGM-5,carbapenem
SGM-6,carbapenem
SGM-7,carbapenem
SHD-1,carbapenem;cephalosporin
SHN-1,carbapenem
SHV-1,carbapenem;cephalosporin;penem
SHV-100,carbapenem;cephalosporin;penem
SHV-101,carbapenem;cephalosporin;penem
SHV-102,carbapenem;cephalosporin;penem
SHV-103,carbapenem;cephalosporin;penem
SHV-104,carbapenem;cephalosporin;penem
SHV-105,carbapenem;cephalosporin;penem
SHV-106,carbapenem;cephalosporin;penem
SHV-107,carbapenem;cephalosporin;penem
SHV-108,carbapenem;cephalosporin;penem
SHV-109,carbapenem;cephalosporin;penem
SHV-11,carbapenem;cephalosporin;penem
SHV-110,carbapenem;cephalosporin;penem
SHV-111,carbapenem;cephalosporin;penem
SHV-112,carbapenem;cephalosporin;penem
SHV-115,carbapenem;cephalosporin;penem
SHV-116,carbapenem;cephalosporin;penem
SHV-119,carbapenem;cephalosporin;penem
SHV-12,carbapenem;cephalosporin;penem
SHV-120,carbapenem;cephalosporin;penem
SHV-121,carbapenem;cephalosporin;penem
SHV-122,carbapenem;cephalosporin;penem
SHV-123,carbapenem;cephalosporin;penem
SHV-124,carbapenem;cephalosporin;penem
SHV-125,carbapenem;cephalosporin;penem
SHV-126,carbapenem;cephalosporin;penem
SHV-127,carbapenem;cephalosporin;penem
SHV-128,carbapenem;cephalosporin;penem
SHV-129,carbapenem;cephalosporin;penem
SHV-13,carbapenem;cephalosporin;penem
SHV-132,carbapenem;cephalosporin;penem
SHV-133,carbapenem;cephalosporin;penem
SHV-134,carbapenem;cephalosporin;penem
SHV-135,carbapenem;cephalosporin;penem
SHV-137,carbapenem;cephalosporin;penem
SHV-14,carbapenem;cephalosporin;penem
SHV-140,carbapenem;cephalosporin;penem
SHV-141,carbapenem;cephalosporin;penem
SHV-142,carbapenem;cephalosporin;penem
SHV-143,carbapenem;cephalosporin;penem
SHV-144,carbapenem;cephalosporin;penem
SHV-145,carbapenem;cephalosporin;penem
SHV-146,carbapenem;cephalosporin;penem
SHV-147,carbapenem;cephalosporin;penem
SHV-148,carbapenem;cephalosporin;penem
SHV-149,carbapenem;cephalosporin;penem
SHV-15,carbapenem;cephalosporin;penem
SHV-150,carbapenem;cephalosporin;penem
SHV-151,carbapenem;cephalosporin;penem
SHV-152,carbapenem;cephalosporin;penem
SHV-153,carbapenem;cephalosporin;penem
SHV-154,carbapenem;cephalosporin;penem
SHV-155,carbapenem;cephalosporin;penem
SHV-156,carbapenem;cephalosporin;penem
SHV-157,carbapenem;cephalosporin;penem
SHV-158,carbapenem;cephalosporin;penem
SHV-159,carbapenem;cephalosporin;penem
SHV-16,carbapenem;cephalosporin;penem
SHV-160,carbapenem;cephalosporin;penem
SHV-161,carbapenem;cephalosporin;penem
SHV-162,carbapenem;cephalosporin;penem
SHV-163,carbapenem;cephalosporin;penem
SHV-164,carbapenem;cephalosporin;penem
SHV-165,carbapenem;cephalosporin;penem
SHV-167,carbapenem;cephalosporin;penem
SHV-168,carbapenem;cephalosporin;penem
SHV-171,carbapenem;cephalosporin;penem
SHV-172,carbapenem;cephalosporin;penem
SHV-173,carbapenem;cephalosporin;penem
SHV-178,carbapenem;cephalosporin;penem
SHV-179,carbapenem;cephalosporin;penem
SHV-18,carbapenem;cephalosporin;penem
SHV-180,carbapenem;cephalosporin;penem
SHV-182,carbapenem;cephalosporin;penem
SHV-183,carbapenem;cephalosporin;penem
SHV-185,carbapenem;cephalosporin;penem
SHV-186,carbapenem;cephalosporin;penem
SHV-187,carbapenem;cephalosporin;penem
SHV-188,carbapenem;cephalosporin;penem
SHV-189,carbapenem;cephalosporin;penem
SHV-19,carbapenem;cephalosporin;penem
SHV-190,carbapenem;cephalosporin;penem
SHV-191,carbapenem;cephalosporin;penem
SHV-193,carbapenem;cephalosporin;penem
SHV-194,carbapenem;cephalosporin;penem
SHV-195,carbapenem;cephalosporin;penem
SHV-196,carbapenem;cephalosporin;penem
SHV-197,carbapenem;cephalosporin;penem
SHV-198,carbapenem;cephalosporin;penem
SHV-199,carbapenem;cephalosporin;penem
SHV-1b-b,carbapenem;cephalosporin;penem
SHV-2,carbapenem;cephalosporin;penem
SHV-20,carbapenem;cephalosporin;penem
SHV-200,carbapenem;cephalosporin;penem
SHV-201,carbapenem;cephalosporin;penem
SHV-202,carbapenem;cephalosporin;penem
SHV-203,carbapenem;cephalosporin;penem
SHV-204,carbapenem;cephalosporin;penem
SHV-205,carbapenem;cephalosporin;penem
SHV-206,carbapenem;cephalosporin;penem
SHV-207,carbapenem;cephalosporin;penem
SHV-208,carbapenem;cephalosporin;penem
SHV-209,carbapenem;cephalosporin;penem
SHV-21,carbapenem;cephalosporin;penem
SHV-210,carbapenem;cephalosporin;penem
SHV-211,carbapenem;cephalosporin;penem
SHV-212,carbapenem;cephalosporin;penem
SHV-213,carbapenem;cephalosporin;penem
SHV-214,carbapenem;cephalosporin;penem
SHV-215,carbapenem;cephalosporin;penem
SHV-216,carbapenem;cephalosporin;penem
SHV-217,carbapenem;cephalosporin;penem
SHV-218,carbapenem;cephalosporin;penem
SHV-219,carbapenem;cephalosporin;penem
SHV-22,carbapenem;cephalosporin;penem
SHV-220,carbapenem;cephalosporin;penem
SHV-221,carbapenem;cephalosporin;penem
SHV-222,carbapenem;cephalosporin;penem
SHV-223,carbapenem;cephalosporin;penem
SHV-224,carbapenem;cephalosporin;penem
SHV-225,carbapenem;cephalosporin;penem
SHV-226,carbapenem;cephalosporin;penem
SHV-227,carbapenem;cephalosporin;penem
SHV-228,carbapenem;cephalosporin;penem
SHV-23,carbapenem;cephalosporin;penem
SHV-24,carbapenem;cephalosporin;penem
SHV-25,carbapenem;cephalosporin;penem
SHV-26,carbapenem;cephalosporin;penem
SHV-27,carbapenem;cephalosporin;penem
SHV-28,carbapenem;cephalosporin;penem
SHV-29,carbapenem;cephalosporin;penem
SHV-2A,carbapenem;cephalosporin;penem
SHV-3,carbapenem;cephalosporin;penem
SHV-30,carbapenem;cephalosporin;penem
SHV-31,carbapenem;cephalosporin;penem
SHV-32,carbapenem;cephalosporin;penem
SHV-33,carbapenem;cephalosporin;penem
SHV-34,carbapenem;cephalosporin;penem
SHV-35,carbapenem;cephalosporin;penem
SHV-36,carbapenem;cephalosporin;penem
SHV-37,carbapenem;cephalosporin;penem
SHV-38,carbapenem;cephalosporin;penem
SHV-39,carbapenem;cephalosporin;penem
SHV-4,carbapenem;cephalosporin;penem
SHV-40,carbapenem;cephalosporin;penem
SHV-41,carbapenem;cephalosporin;penem
SHV-42,carbapenem;cephalosporin;penem
SHV-43,carbapenem;cephalosporin;penem
SHV-44,carbapenem;cephalosporin;penem
SHV-45,carbapenem;cephalosporin;penem
SHV-46,carbapenem;cephalosporin;penem
SHV-48,carbapenem;cephalosporin;penem
SHV-49,carbapenem;cephalosporin;penem
SHV-5,carbapenem;cephalosporin;penem
SHV-50,carbapenem;cephalosporin;penem
SHV-51,carbapenem;cephalosporin;penem
SHV-52,carbapenem;cephalosporin;penem
SHV-53,carbapenem;cephalosporin;penem
SHV-55,carbapenem;cephalosporin;penem
SHV-56,carbapenem;cephalosporin;penem
SHV-57,carbapenem;cephalosporin;penem
SHV-59,carbapenem;cephalosporin;penem
SHV-6,carbapenem;cephalosporin;penem
SHV-60,carbapenem;cephalosporin;penem
SHV-61,carbapenem;cephalosporin;penem
SHV-62,carbapenem;cephalosporin;penem
SHV-63,carbapenem;cephalosporin;penem
SHV-64,carbapenem;cephalosporin;penem
SHV-65,carbapenem;cephalosporin;penem
SHV-66,carbapenem;cephalosporin;penem
SHV-67,carbapenem;cephalosporin;penem
SHV-69,carbapenem;cephalosporin;penem
SHV-7,carbapenem;cephalosporin;penem
SHV-70,carbapenem;cephalosporin;penem
SHV-71,carbapenem;cephalosporin;penem
SHV-72,carbapenem;cephalosporin;penem
SHV-73,carbapenem;cephalosporin;penem
SHV-74,carbapenem;cephalosporin;penem
SHV-75,carbapenem;cephalosporin;penem
SHV-76,carbapenem;cephalosporin;penem
SHV-77,carbapenem;cephalosporin;penem
SHV-78,carbapenem;cephalosporin;penem
SHV-79,carbapenem;cephalosporin;penem
SHV-8,carbapenem;cephalosporin;penem
SHV-80,carbapenem;cephalosporin;penem
SHV-81,carbapenem;cephalosporin;penem
SHV-82,carbapenem;cephalosporin;penem
SHV-83,carbapenem;cephalosporin;penem
SHV-84,carbapenem;cephalosporin;penem
SHV-85,carbapenem;cephalosporin;penem
SHV-86,carbapenem;cephalosporin;penem
SHV-89,carbapenem;cephalosporin;penem
SHV-9,carbapenem;cephalosporin;penem
SHV-92,carbapenem;cephalosporin;penem
SHV-93,carbapenem;cephalosporin;penem
SHV-94,carbapenem;cephalosporin;penem
SHV-95,carbapenem;cephalosporin;penem
SHV-96,carbapenem;cephalosporin;penem
SHV-97,carbapenem;cephalosporin;penem
SHV-98,carbapenem;cephalosporin;penem
SHV-99,carbapenem;cephalosporin;penem
SIM-1,carbapenem;cephalosporin;penem
SIM-2,carbapenem;cephalosporin;penem
Sint_ACT_CHL,phenicol antibiotic
Sisa_gyrA_FLO,fluoroquinolone antibiotic;nybomycin-like antibiotic
Sisa_gyrB_FLO,aminocoumarin antibiotic;fluoroquinolone antibiotic
SLB-1,cephalosporin;penem
Sliv_cmlR,phenicol antibiotic
Smar_Omp1,carbapenem;cephalosporin;cephamycin;fluoroquinolone antibiotic;monobactam;penem;penem;phenicol antibiotic;tetracycline antibiotic
SMB-1,carbapenem;cephalosporin;penem
SME-1,carbapenem
SME-2,carbapenem
SME-3,carbapenem
SME-4,carbapenem
SME-5,carbapenem
smeA,aminoglycoside antibiotic;cephalosporin;cephamycin;penem
smeB,aminoglycoside antibiotic;cephalosporin;cephamycin;penem
smeC,aminoglycoside antibiotic;cephalosporin;cephamycin;penem
smeD,fluoroquinolone antibiotic;macrolide antibiotic;phenicol antibiotic;tetracycline antibiotic
smeE,fluoroquinolone antibiotic;macrolide antibiotic;phenicol antibiotic;tetracycline antibiotic
smeF,fluoroquinolone antibiotic;macrolide antibiotic;phenicol antibiotic;tetracycline antibiotic
smeR,aminoglycoside antibiotic;cephalosporin;cephamycin;penem
smeS,aminoglycoside antibiotic;cephalosporin;cephamycin;penem
Smit_CdsA_DAP,peptide antibiotic
spd,aminoglycoside antibiotic
SPG-1,carbapenem
SPM-1,carbapenem
SPN79-1,carbapenem
Spne_23S_MAC,glycopeptide antibiotic;lincosamide antibiotic;macrolide antibiotic;phenicol antibiotic;pleuromutilin antibiotic;streptogramin A antibiotic;streptogramin B antibiotic;streptogramin antibiotic
Spne_23S_MULT,glycopeptide antibiotic;lincosamide antibiotic;macrolide antibiotic;phenicol antibiotic;pleuromutilin antibiotic;streptogramin A antibiotic;streptogramin B antibiotic;streptogramin antibiotic
Spne_parC_FLO,fluoroquinolone antibiotic
Spne_PBP1a_AMX,carbapenem;cephalosporin;cephamycin;monobactam;penem
Spne_PBP2b_AMX,carbapenem;cephalosporin;cephamycin;monobactam;penem
Spne_PBP2x_AMX,carbapenem;cephalosporin;cephamycin;monobactam;penem
SPR-1,carbapenem
SPS-1,carbapenem
SPU-1,carbapenem
Spyo_ErmA_MLSb,lincosamide antibiotic;macrolide antibiotic;streptogramin antibiotic
Spyo_folP_SLF,sulfonamide antibiotic;sulfone antibiotic
Spyo_PBP2x_BLA,carbapenem;cephalosporin;cephamycin;monobactam;penem
Sris_parY_AMU,aminocoumarin antibiotic
srmB,macrolide antibiotic
SRT-1,cephalosporin
SRT-2,cephalosporin
SRT-3,cephalosporin
SSA,cephalosporin;cephamycin;penem
Sser_gyrB_FLO,aminocoumarin antibiotic;fluoroquinolone antibiotic
Sser_parE_FLO,fluoroquinolone antibiotic
SST-1,cephalosporin
Ssui_ACT_CHL,phenicol antibiotic
sta,nucleoside antibiotic
STA-1,carbapenem
sul1,sulfonamide antibiotic;sulfone antibiotic
sul2,sulfonamide antibiotic;sulfone antibiotic
sul3,sulfonamide antibiotic;sulfone antibiotic
sul4,sulfonamide antibiotic
Sven_rox,rifamycin antibiotic
TaeA,pleuromutilin antibiotic
tap,tetracycline antibiotic
tcmA,tetracenomycin antibiotic
tcr3,tetracycline antibiotic
TEM-1,cephalosporin;monobactam;penem;penem
TEM-10,cephalosporin;monobactam;penem;penem
TEM-101,cephalosporin;monobactam;penem;penem
TEM-102,cephalosporin;monobactam;penem;penem
TEM-103,cephalosporin;monobactam;penem;penem
TEM-104,cephalosporin;monobactam;penem;penem
TEM-105,cephalosporin;monobactam;penem;penem
TEM-106,cephalosporin;monobactam;penem;penem
TEM-107,cephalosporin;monobactam;penem;penem
TEM-108,cephalosporin;monobactam;penem;penem
TEM-109,cephalosporin;monobactam;penem;penem
TEM-11,cephalosporin;monobactam;penem;penem
TEM-110,cephalosporin;monobactam;penem;penem
TEM-111,cephalosporin;monobactam;penem;penem
TEM-112,cephalosporin;monobactam;penem;penem
TEM-113,cephalosporin;monobactam;penem;penem
TEM-114,cephalosporin;monobactam;penem;penem
TEM-115,cephalosporin;monobactam;penem;penem
TEM-116,cephalosporin;monobactam;penem;penem
TEM-117,cephalosporin;monobactam;penem;penem
TEM-118,cephalosporin;monobactam;penem;penem
TEM-12,cephalosporin;monobactam;penem;penem
TEM-120,cephalosporin;monobactam;penem;penem
TEM-121,cephalosporin;monobactam;penem;penem
TEM-122,cephalosporin;monobactam;penem;penem
TEM-123,cephalosporin;monobactam;penem;penem
TEM-124,cephalosporin;monobactam;penem;penem
TEM-125,cephalosporin;monobactam;penem;penem
TEM-126,cephalosporin;monobactam;penem;penem
TEM-127,cephalosporin;monobactam;penem;penem
TEM-128,cephalosporin;monobactam;penem;penem
TEM-129,cephalosporin;monobactam;penem;penem
TEM-130,cephalosporin;monobactam;penem;penem
TEM-131,cephalosporin;monobactam;penem;penem
TEM-132,cephalosporin;monobactam;penem;penem
TEM-133,cephalosporin;monobactam;penem;penem
TEM-134,cephalosporin;monobactam;penem;penem
TEM-135,cephalosporin;monobactam;penem;penem
TEM-136,cephalosporin;monobactam;penem;penem
TEM-137,cephalosporin;monobactam;penem;penem
TEM-138,cephalosporin;monobactam;penem;penem
TEM-139,cephalosporin;monobactam;penem;penem
TEM-141,cephalosporin;monobactam;penem;penem
TEM-142,cephalosporin;monobactam;penem;penem
TEM-143,cephalosporin;monobactam;penem;penem
TEM-144,cephalosporin;monobactam;penem;penem
TEM-145,cephalosporin;monobactam;penem;penem
TEM-146,cephalosporin;monobactam;penem;penem
TEM-147,cephalosporin;monobactam;penem;penem
TEM-148,cephalosporin;monobactam;penem;penem
TEM-149,cephalosporin;monobactam;penem;penem
TEM-15,cephalosporin;monobactam;penem;penem
TEM-150,cephalosporin;monobactam;penem;penem
TEM-151,cephalosporin;monobactam;penem;penem
TEM-152,cephalosporin;monobactam;penem;penem
TEM-153,cephalosporin;monobactam;penem;penem
TEM-154,cephalosporin;monobactam;penem;penem
TEM-155,cephalosporin;monobactam;penem;penem
TEM-156,cephalosporin;monobactam;penem;penem
TEM-157,cephalosporin;monobactam;penem;penem
TEM-158,cephalosporin;monobactam;penem;penem
TEM-159,cephalosporin;monobactam;penem;penem
TEM-16,cephalosporin;monobactam;penem;penem
TEM-160,cephalosporin;monobactam;penem;penem
TEM-162,cephalosporin;monobactam;penem;penem
TEM-163,cephalosporin;monobactam;penem;penem
TEM-164,cephalosporin;monobactam;penem;penem
TEM-166,cephalosporin;monobactam;penem;penem
TEM-167,cephalosporin;monobactam;penem;penem
TEM-168,cephalosporin;monobactam;penem;penem
TEM-169,cephalosporin;monobactam;penem;penem
TEM-17,cephalosporin;monobactam;penem;penem
TEM-171,cephalosporin;monobactam;penem;penem
TEM-176,cephalosporin;monobactam;penem;penem
TEM-177,cephalosporin;monobactam;penem;penem
TEM-178,cephalosporin;monobactam;penem;penem
TEM-181,cephalosporin;monobactam;penem;penem
TEM-182,cephalosporin;monobactam;penem;penem
TEM-183,cephalosporin;monobactam;penem;penem
TEM-184,cephalosporin;monobactam;penem;penem
TEM-185,cephalosporin;monobactam;penem;penem
TEM-186,cephalosporin;monobactam;penem;penem
TEM-187,cephalosporin;monobactam;penem;penem
TEM-188,cephalosporin;monobactam;penem;penem
TEM-189,cephalosporin;monobactam;penem;penem
TEM-19,cephalosporin;monobactam;penem;penem
TEM-190,cephalosporin;monobactam;penem;penem
TEM-191,cephalosporin;monobactam;penem;penem
TEM-192,cephalosporin;monobactam;penem;penem
TEM-193,cephalosporin;monobactam;penem;penem
TEM-194,cephalosporin;monobactam;penem;penem
TEM-195,cephalosporin;monobactam;penem;penem
TEM-196,cephalosporin;monobactam;penem;penem
TEM-197,cephalosporin;monobactam;penem;penem
TEM-198,cephalosporin;monobactam;penem;penem
TEM-199,cephalosporin;monobactam;penem;penem
TEM-2,cephalosporin;monobactam;penem;penem
TEM-20,cephalosporin;monobactam;penem;penem
TEM-201,cephalosporin;monobactam;penem;penem
TEM-205,cephalosporin;monobactam;penem;penem
TEM-206,cephalosporin;monobactam;penem;penem
TEM-207,cephalosporin;monobactam;penem;penem
TEM-208,cephalosporin;monobactam;penem;penem
TEM-209,cephalosporin;monobactam;penem;penem
TEM-21,cephalosporin;monobactam;penem;penem
TEM-210,cephalosporin;monobactam;penem;penem
TEM-211,cephalosporin;monobactam;penem;penem
TEM-212,cephalosporin;monobactam;penem;penem
TEM-213,cephalosporin;monobactam;penem;penem
TEM-214,cephalosporin;monobactam;penem;penem
TEM-215,cephalosporin;monobactam;penem;penem
TEM-216,cephalosporin;monobactam;penem;penem
TEM-217,cephalosporin;monobactam;penem;penem
TEM-219,cephalosporin;monobactam;penem;penem
TEM-22,cephalosporin;monobactam;penem;penem
TEM-220,cephalosporin;monobactam;penem;penem
TEM-224,cephalosporin;monobactam;penem;penem
TEM-225,cephalosporin;monobactam;penem;penem
TEM-226,cephalosporin;monobactam;penem;penem
TEM-227,cephalosporin;monobactam;penem;penem
TEM-228,cephalosporin;monobactam;penem;penem
TEM-229,cephalosporin;monobactam;penem;penem
TEM-230,cephalosporin;monobactam;penem;penem
TEM-231,cephalosporin;monobactam;penem;penem
TEM-232,cephalosporin;monobactam;penem;penem
TEM-233,cephalosporin;monobactam;penem;penem
TEM-234,cephalosporin;monobactam;penem;penem
TEM-235,cephalosporin;monobactam;penem;penem
TEM-236,cephalosporin;monobactam;penem;penem
TEM-237,cephalosporin;monobactam;penem;penem
TEM-238,cephalosporin;monobactam;penem;penem
TEM-24,cephalosporin;monobactam;penem;penem
TEM-240,cephalosporin;monobactam;penem;penem
TEM-241,cephalosporin;monobactam;penem;penem
TEM-242,cephalosporin;monobactam;penem;penem
TEM-243,cephalosporin;monobactam;penem;penem
TEM-244,cephalosporin;monobactam;penem;penem
TEM-245,cephalosporin;monobactam;penem;penem
TEM-246,cephalosporin;monobactam;penem;penem
TEM-247,cephalosporin;monobactam;penem;penem
TEM-26,cephalosporin;monobactam;penem;penem
TEM-28,cephalosporin;monobactam;penem;penem
TEM-29,cephalosporin;monobactam;penem;penem
TEM-3,cephalosporin;monobactam;penem;penem
TEM-30,cephalosporin;monobactam;penem;penem
TEM-31,cephalosporin;monobactam;penem;penem
TEM-32,cephalosporin;monobactam;penem;penem
TEM-33,cephalosporin;monobactam;penem;penem
TEM-34,cephalosporin;monobactam;penem;penem
TEM-35,cephalosporin;monobactam;penem;penem
TEM-36,cephalosporin;monobactam;penem;penem
TEM-37,cephalosporin;monobactam;penem;penem
TEM-39,cephalosporin;monobactam;penem;penem
TEM-4,cephalosporin;monobactam;penem;penem
TEM-40,cephalosporin;monobactam;penem;penem
TEM-42,cephalosporin;monobactam;penem;penem
TEM-43,cephalosporin;monobactam;penem;penem
TEM-45,cephalosporin;monobactam;penem;penem
TEM-47,cephalosporin;monobactam;penem;penem
TEM-48,cephalosporin;monobactam;penem;penem
TEM-49,cephalosporin;monobactam;penem;penem
TEM-5,cephalosporin;monobactam;penem;penem
TEM-52,cephalosporin;monobactam;penem;penem
TEM-53,cephalosporin;monobactam;penem;penem
TEM-54,cephalosporin;monobactam;penem;penem
TEM-55,cephalosporin;monobactam;penem;penem
TEM-57,cephalosporin;monobactam;penem;penem
TEM-59,cephalosporin;monobactam;penem;penem
TEM-6,cephalosporin;monobactam;penem;penem
TEM-60,cephalosporin;monobactam;penem;penem
TEM-61,cephalosporin;monobactam;penem;penem
TEM-63,cephalosporin;monobactam;penem;penem
TEM-67,cephalosporin;monobactam;penem;penem
TEM-68,cephalosporin;monobactam;penem;penem
TEM-7,cephalosporin;monobactam;penem;penem
TEM-70,cephalosporin;monobactam;penem;penem
TEM-71,cephalosporin;monobactam;penem;penem
TEM-72,cephalosporin;monobactam;penem;penem
TEM-73,cephalosporin;monobactam;penem;penem
TEM-75,cephalosporin;monobactam;penem;penem
TEM-76,cephalosporin;monobactam;penem;penem
TEM-78,cephalosporin;monobactam;penem;penem
TEM-79,cephalosporin;monobactam;penem;penem
TEM-8,cephalosporin;monobactam;penem;penem
TEM-80,cephalosporin;monobactam;penem;penem
TEM-81,cephalosporin;monobactam;penem;penem
TEM-82,cephalosporin;monobactam;penem;penem
TEM-83,cephalosporin;monobactam;penem;penem
TEM-84,cephalosporin;monobactam;penem;penem
TEM-85,cephalosporin;monobactam;penem;penem
TEM-86,cephalosporin;monobactam;penem;penem
TEM-87,cephalosporin;monobactam;penem;penem
TEM-88,cephalosporin;monobactam;penem;penem
TEM-89,cephalosporin;monobactam;penem;penem
TEM-9,cephalosporin;monobactam;penem;penem
TEM-90,cephalosporin;monobactam;penem;penem
TEM-91,cephalosporin;monobactam;penem;penem
TEM-92,cephalosporin;monobactam;penem;penem
TEM-93,cephalosporin;monobactam;penem;penem
TEM-94,cephalosporin;monobactam;penem;penem
TEM-95,cephalosporin;monobactam;penem;penem
TEM-96,cephalosporin;monobactam;penem;penem
TEM-98,cephalosporin;monobactam;penem;penem
TEM-99,cephalosporin;monobactam;penem;penem
TER-1,carbapenem;cephalosporin
TER-2,carbapenem;cephalosporin
tet(30),tetracycline antibiotic
tet(31),tetracycline antibiotic
tet(32),tetracycline antibiotic
tet(33),tetracycline antibiotic
tet(34),tetracycline antibiotic
tet(35),tetracycline antibiotic
tet(36),tetracycline antibiotic
tet(37),tetracycline antibiotic
tet(38),tetracycline antibiotic
tet(39),tetracycline antibiotic
tet(40),tetracycline antibiotic
tet(41),tetracycline antibiotic
tet(42),tetracycline antibiotic
tet(43),tetracycline antibiotic
tet(44),tetracycline antibiotic
tet(45),tetracycline antibiotic
tet(47),tetracycline antibiotic
tet(48),tetracycline antibiotic
tet(49),tetracycline antibiotic
tet(50),tetracycline antibiotic
tet(51),tetracycline antibiotic
tet(52),tetracycline antibiotic
tet(53),tetracycline antibiotic
tet(54),tetracycline antibiotic
tet(55),tetracycline antibiotic
tet(56),tetracycline antibiotic
tet(57),tetracycline antibiotic
tet(59),tetracycline antibiotic
tet(61),tetracycline antibiotic
tet(62),tetracycline antibiotic
tet(63),tetracycline antibiotic
tet(64),tetracycline antibiotic
tet(A),tetracycline antibiotic
tet(B),tetracycline antibiotic
tet(C),tetracycline antibiotic
tet(D),tetracycline antibiotic
tet(E),tetracycline antibiotic
tet(G),tetracycline antibiotic
tet(H),tetracycline antibiotic
tet(J),tetracycline antibiotic
tet(K),tetracycline antibiotic
tet(L),tetracycline antibiotic
tet(M),tetracycline antibiotic
tet(O),tetracycline antibiotic
tet(O/32/O),tetracycline antibiotic
tet(O/M/O),tetracycline antibiotic
tet(O/W),tetracycline antibiotic
tet(O/W/32/O),tetracycline antibiotic
tet(O/W/O),tetracycline antibiotic
tet(Q),tetracycline antibiotic
tet(S),tetracycline antibiotic
tet(T),tetracycline antibiotic
tet(V),tetracycline antibiotic
tet(W),tetracycline antibiotic
tet(W/32/O),tetracycline antibiotic
tet(W/N/W),tetracycline antibiotic
tet(X),glycylcycline;tetracycline antibiotic
tet(X1),tetracycline antibiotic
tet(X3),glycylcycline;tetracycline antibiotic
tet(X4),glycylcycline;tetracycline antibiotic
tet(X5),tetracycline antibiotic
tet(X6),tetracycline antibiotic
tet(Y),tetracycline antibiotic
tet(Z),tetracycline antibiotic
tetA(46),tetracycline antibiotic
tetA(58),tetracycline antibiotic
tetA(60),tetracycline antibiotic
tetA(P),tetracycline antibiotic
tetB(46),tetracycline antibiotic
tetB(58),tetracycline antibiotic
tetB(60),tetracycline antibiotic
tetB(P),tetracycline antibiotic
tetR,tetracycline antibiotic
tetR(G),tetracycline antibiotic
ThfT,sulfonamide antibiotic
THIN-B,carbapenem;cephalosporin;penem
TLA-1,cephalosporin;monobactam
TLA-2,cephalosporin;monobactam
TLA-3,cephalosporin;monobactam
tlrC,lincosamide antibiotic;macrolide antibiotic
TMB-1,carbapenem;cephalosporin;cephamycin
TMB-2,carbapenem;cephalosporin;cephamycin
tmrB,nucleoside antibiotic
TolC,aminocoumarin antibiotic;aminoglycoside antibiotic;carbapenem;cephalosporin;cephamycin;disinfecting agents and antiseptics;fluoroquinolone antibiotic;glycylcycline;macrolide antibiotic;penem;penem;peptide antibiotic;phenicol antibiotic;rifamycin antibiotic;tetracycline antibiotic
Tpal_23S_ERY,glycopeptide antibiotic;lincosamide antibiotic;macrolide antibiotic;phenicol antibiotic;pleuromutilin antibiotic;streptogramin A antibiotic;streptogramin B antibiotic;streptogramin antibiotic
TriA,disinfecting agents and antiseptics
TriB,disinfecting agents and antiseptics
TriC,disinfecting agents and antiseptics
TRU-1,cephalosporin;penem
tsnR,peptide antibiotic
Tthe_23S_PLM,glycopeptide antibiotic;lincosamide antibiotic;macrolide antibiotic;phenicol antibiotic;pleuromutilin antibiotic;streptogramin A antibiotic;streptogramin B antibiotic;streptogramin antibiotic
Tthe_uL3_PLM,pleuromutilin antibiotic
TTU-1,carbapenem
TUS-1,carbapenem;cephalosporin;cephamycin;penem;penem
tva(A),pleuromutilin antibiotic
TxR,tetracycline antibiotic
Type_A_NfxB,aminocoumarin antibiotic;cephalosporin;diaminopyrimidine antibiotic;fluoroquinolone antibiotic;macrolide antibiotic;penem;phenicol antibiotic;tetracycline antibiotic
Type_B_NfxB,aminocoumarin antibiotic;aminoglycoside antibiotic;cephalosporin;diaminopyrimidine antibiotic;fluoroquinolone antibiotic;macrolide antibiotic;penem;phenicol antibiotic;tetracycline antibiotic
ugd,peptide antibiotic
Uure_gyrB_FLO,aminocoumarin antibiotic;fluoroquinolone antibiotic
Uure_parC_FLO,fluoroquinolone antibiotic
VAM-1,carbapenem;cephalosporin;penem;tetracycline antibiotic
vanA,glycopeptide antibiotic
vanB,glycopeptide antibiotic
vanC,glycopeptide antibiotic
vanD,glycopeptide antibiotic
vanE,glycopeptide antibiotic
vanF,glycopeptide antibiotic
vanG,glycopeptide antibiotic
Vang_ACT_CHL,phenicol antibiotic
vanH_in_vanA_cl,glycopeptide antibiotic
vanH_in_vanB_cl,glycopeptide antibiotic
vanH_in_vanD_cl,glycopeptide antibiotic
vanH_in_vanF_cl,glycopeptide antibiotic
vanH_in_vanM_cl,glycopeptide antibiotic
vanH_in_vanO_cl,glycopeptide antibiotic
vanH_in_vanP_cl,glycopeptide antibiotic
vanI,glycopeptide antibiotic
vanJ,glycopeptide antibiotic
vanK_in_vanI_cl,glycopeptide antibiotic
vanL,glycopeptide antibiotic
vanM,glycopeptide antibiotic
vanN,glycopeptide antibiotic
vanO,glycopeptide antibiotic
vanP,glycopeptide antibiotic
vanR_in_vanA_cl,glycopeptide antibiotic
vanR_in_vanB_cl,glycopeptide antibiotic
vanR_in_vanC_cl,glycopeptide antibiotic
vanR_in_vanD_cl,glycopeptide antibiotic
vanR_in_vanE_cl,glycopeptide antibiotic
vanR_in_vanF_cl,glycopeptide antibiotic
vanR_in_vanG_cl,glycopeptide antibiotic
vanR_in_vanI_cl,glycopeptide antibiotic
vanR_in_vanL_cl,glycopeptide antibiotic
vanR_in_vanM_cl,glycopeptide antibiotic
vanR_in_vanN_cl,glycopeptide antibiotic
vanR_in_vanO_cl,glycopeptide antibiotic
vanR_in_vanP_cl,glycopeptide antibiotic
vanS_in_vanA_cl,glycopeptide antibiotic
vanS_in_vanB_cl,glycopeptide antibiotic
vanS_in_vanC_cl,glycopeptide antibiotic
vanS_in_vanD_cl,glycopeptide antibiotic
vanS_in_vanE_cl,glycopeptide antibiotic
vanS_in_vanF_cl,glycopeptide antibiotic
vanS_in_vanG_cl,glycopeptide antibiotic
vanS_in_vanI_cl,glycopeptide antibiotic
vanS_in_vanL_cl,glycopeptide antibiotic
vanS_in_vanM_cl,glycopeptide antibiotic
vanS_in_vanN_cl,glycopeptide antibiotic
vanS_in_vanO_cl,glycopeptide antibiotic
vanS_in_vanP_cl,glycopeptide antibiotic
vanT_in_vanC_cl,glycopeptide antibiotic
vanT_in_vanE_cl,glycopeptide antibiotic
vanT_in_vanG_cl,glycopeptide antibiotic
vanT_in_vanN_cl,glycopeptide antibiotic
vanTm_in_vanL,glycopeptide antibiotic
vanTr_in_vanL,glycopeptide antibiotic
vanU_in_vanG_cl,glycopeptide antibiotic
vanV_in_vanB_cl,glycopeptide antibiotic
vanW_in_vanB_cl,glycopeptide antibiotic
vanW_in_vanG_cl,glycopeptide antibiotic
vanW_in_vanI_cl,glycopeptide antibiotic
vanX_in_vanA_cl,glycopeptide antibiotic
vanX_in_vanB_cl,glycopeptide antibiotic
vanX_in_vanD_cl,glycopeptide antibiotic
vanX_in_vanF_cl,glycopeptide antibiotic
vanX_in_vanI_cl,glycopeptide antibiotic
vanX_in_vanM_cl,glycopeptide antibiotic
vanX_in_vanO_cl,glycopeptide antibiotic
vanX_in_vanP_cl,glycopeptide antibiotic
vanXY_in_vanC,glycopeptide antibiotic
vanXY_in_vanE,glycopeptide antibiotic
vanXY_in_vanG,glycopeptide antibiotic
vanXY_in_vanL,glycopeptide antibiotic
vanXY_in_vanN,glycopeptide antibiotic
vanY_in_vanA_cl,glycopeptide antibiotic
vanY_in_vanB_cl,glycopeptide antibiotic
vanY_in_vanD_cl,glycopeptide antibiotic
vanY_in_vanF_cl,glycopeptide antibiotic
vanY_in_vanG_cl,glycopeptide antibiotic
vanY_in_vanM_cl,glycopeptide antibiotic
vanZ_in_vanA_cl,glycopeptide antibiotic
vanZ_in_vanF_cl,glycopeptide antibiotic
vatA,streptogramin A antibiotic;streptogramin antibiotic
vatB,streptogramin A antibiotic;streptogramin antibiotic
vatC,streptogramin A antibiotic;streptogramin antibiotic
vatD,streptogramin A antibiotic;streptogramin antibiotic
vatE,streptogramin A antibiotic;streptogramin antibiotic
vatF,streptogramin A antibiotic;streptogramin antibiotic
vatH,streptogramin A antibiotic;streptogramin antibiotic
VatI,streptogramin A antibiotic;streptogramin antibiotic
VCC-1,carbapenem;monobactam;penem
Vcho_OmpT,peptide antibiotic
Vcho_OmpU,peptide antibiotic
Vcho_varG,carbapenem
VEB-1,cephalosporin;monobactam
VEB-10,cephalosporin;monobactam
VEB-11,cephalosporin;monobactam
VEB-12,cephalosporin;monobactam
VEB-13,cephalosporin;monobactam
VEB-14,cephalosporin;monobactam
VEB-15,cephalosporin;monobactam
VEB-17,cephalosporin;monobactam
VEB-19,cephalosporin;monobactam
VEB-1b,cephalosporin;monobactam
VEB-2,cephalosporin;monobactam
VEB-20,cephalosporin;monobactam
VEB-21,cephalosporin;monobactam
VEB-22,cephalosporin;monobactam
VEB-23,cephalosporin;monobactam
VEB-24,cephalosporin;monobactam
VEB-25,cephalosporin;monobactam
VEB-26,cephalosporin;monobactam
VEB-27,cephalosporin;monobactam
VEB-3,cephalosporin;monobactam
VEB-4,cephalosporin;monobactam
VEB-5,cephalosporin;monobactam
VEB-6,cephalosporin;monobactam
VEB-7,cephalosporin;monobactam
VEB-8,cephalosporin;monobactam
VEB-9,cephalosporin;monobactam
vgaA,lincosamide antibiotic;pleuromutilin antibiotic;streptogramin A antibiotic;streptogramin antibiotic
vgaALC,lincosamide antibiotic;pleuromutilin antibiotic;streptogramin A antibiotic;streptogramin antibiotic
vgaB,pleuromutilin antibiotic;streptogramin A antibiotic;streptogramin antibiotic
vgaC,lincosamide antibiotic;pleuromutilin antibiotic;streptogramin A antibiotic;streptogramin antibiotic
vgaD,pleuromutilin antibiotic;streptogramin A antibiotic;streptogramin antibiotic
vgaE,lincosamide antibiotic;pleuromutilin antibiotic;streptogramin A antibiotic;streptogramin antibiotic
vgbA,streptogramin B antibiotic;streptogramin antibiotic
vgbB,streptogramin B antibiotic;streptogramin antibiotic
vgbC,streptogramin B antibiotic;streptogramin antibiotic
VHH-1,carbapenem;cephalosporin;penem
VHW-1,carbapenem;cephalosporin;penem
VIM-1,carbapenem;cephalosporin;cephamycin;penem;penem
VIM-10,carbapenem;cephalosporin;cephamycin;penem;penem
VIM-11,carbapenem;cephalosporin;cephamycin;penem;penem
VIM-12,carbapenem;cephalosporin;cephamycin;penem;penem
VIM-13,carbapenem;cephalosporin;cephamycin;penem;penem
VIM-14,carbapenem;cephalosporin;cephamycin;penem;penem
VIM-15,carbapenem;cephalosporin;cephamycin;penem;penem
VIM-16,carbapenem;cephalosporin;cephamycin;penem;penem
VIM-17,carbapenem;cephalosporin;cephamycin;penem;penem
VIM-18,carbapenem;cephalosporin;cephamycin;penem;penem
VIM-19,carbapenem;cephalosporin;cephamycin;penem;penem
VIM-2,carbapenem;cephalosporin;cephamycin;penem;penem
VIM-20,carbapenem;cephalosporin;cephamycin;penem;penem
VIM-23,carbapenem;cephalosporin;cephamycin;penem;penem
VIM-24,carbapenem;cephalosporin;cephamycin;penem;penem
VIM-25,carbapenem;cephalosporin;cephamycin;penem;penem
VIM-26,carbapenem;cephalosporin;cephamycin;penem;penem
VIM-27,carbapenem;cephalosporin;cephamycin;penem;penem
VIM-28,carbapenem;cephalosporin;cephamycin;penem;penem
VIM-29,carbapenem;cephalosporin;cephamycin;penem;penem
VIM-3,carbapenem;cephalosporin;cephamycin;penem;penem
VIM-30,carbapenem;cephalosporin;cephamycin;penem;penem
VIM-31,carbapenem;cephalosporin;cephamycin;penem;penem
VIM-32,carbapenem;cephalosporin;cephamycin;penem;penem
VIM-33,carbapenem;cephalosporin;cephamycin;penem;penem
VIM-34,carbapenem;cephalosporin;cephamycin;penem;penem
VIM-35,carbapenem;cephalosporin;cephamycin;penem;penem
VIM-36,carbapenem;cephalosporin;cephamycin;penem;penem
VIM-37,carbapenem;cephalosporin;cephamycin;penem;penem
VIM-38,carbapenem;cephalosporin;cephamycin;penem;penem
VIM-39,carbapenem;cephalosporin;cephamycin;penem;penem
VIM-4,carbapenem;cephalosporin;cephamycin;penem;penem
VIM-40,carbapenem;cephalosporin;cephamycin;penem;penem
VIM-41,carbapenem;cephalosporin;cephamycin;penem;penem
VIM-42,carbapenem;cephalosporin;cephamycin;penem;penem
VIM-43,carbapenem;cephalosporin;cephamycin;penem;penem
VIM-44,carbapenem;cephalosporin;cephamycin;penem;penem
VIM-45,carbapenem;cephalosporin;cephamycin;penem;penem
VIM-46,carbapenem;cephalosporin;cephamycin;penem;penem
VIM-47,carbapenem;cephalosporin;cephamycin;penem;penem
VIM-48,carbapenem;cephalosporin;cephamycin;penem;penem
VIM-49,carbapenem;cephalosporin;cephamycin;penem;penem
VIM-5,carbapenem;cephalosporin;cephamycin;penem;penem
VIM-50,carbapenem;cephalosporin;cephamycin;penem;penem
VIM-51,carbapenem;cephalosporin;cephamycin;penem;penem
VIM-52,carbapenem;cephalosporin;cephamycin;penem;penem
VIM-53,carbapenem;cephalosporin;cephamycin;penem;penem
VIM-54,carbapenem;cephalosporin;cephamycin;penem;penem
VIM-55,carbapenem;cephalosporin;cephamycin;penem;penem
VIM-56,carbapenem;cephalosporin;cephamycin;penem;penem
VIM-57,carbapenem;cephalosporin;cephamycin;penem;penem
VIM-58,carbapenem;cephalosporin;cephamycin;penem;penem
VIM-59,carbapenem;cephalosporin;cephamycin;penem;penem
VIM-6,carbapenem;cephalosporin;cephamycin;penem;penem
VIM-60,carbapenem;cephalosporin;cephamycin;penem;penem
VIM-61,carbapenem;cephalosporin;cephamycin;penem;penem
VIM-62,carbapenem;cephalosporin;cephamycin;penem;penem
VIM-63,carbapenem;cephalosporin;cephamycin;penem;penem
VIM-64,carbapenem;cephalosporin;cephamycin;penem;penem
VIM-65,carbapenem;cephalosporin;cephamycin;penem;penem
VIM-66,carbapenem;cephalosporin;cephamycin;penem;penem
VIM-67,carbapenem;cephalosporin;cephamycin;penem;penem
VIM-68,carbapenem;cephalosporin;cephamycin;penem;penem
VIM-69,carbapenem;cephalosporin;cephamycin;penem;penem
VIM-7,carbapenem;cephalosporin;cephamycin;penem;penem
VIM-70,carbapenem;cephalosporin;cephamycin;penem;penem
VIM-71,carbapenem;cephalosporin;cephamycin;penem;penem
VIM-72,carbapenem;cephalosporin;cephamycin;penem;penem
VIM-73,carbapenem;cephalosporin;cephamycin;penem;penem
VIM-8,carbapenem;cephalosporin;cephamycin;penem;penem
VIM-9,carbapenem;cephalosporin;cephamycin;penem;penem
VMB-1,carbapenem;cephalosporin;penem
vmlR,lincosamide antibiotic;nucleoside antibiotic;pleuromutilin antibiotic;streptogramin A antibiotic;streptogramin B antibiotic;streptogramin antibiotic
vph,peptide antibiotic
WUS-1,carbapenem;penem
YajC,cephalosporin;disinfecting agents and antiseptics;fluoroquinolone antibiotic;glycopeptide antibiotic;glycylcycline;oxazolidinone antibiotic;penem;phenicol antibiotic;rifamycin antibiotic;tetracycline antibiotic
YEM-1,carbapenem
Yent_y56,cephalosporin;penem;penem
ykkC,aminoglycoside antibiotic;phenicol antibiotic;tetracycline antibiotic
ykkD,aminoglycoside antibiotic;phenicol antibiotic;tetracycline antibiotic
YojI,peptide antibiotic
Yrc-1,cephalosporin;cephamycin;penem
ZOG-1,carbapenem
gyrA_83,fluoroquinolone antibiotic
gyrA_87,fluoroquinolone antibiotic